SITE_ID,EST_ID,ADEN_EST_ID,ADEN_SYNDROME,ADEN_AGE_GROUP,ADEN_AGE_LB_MON,ADEN_AGE_UB_MON,ADEN_AGE_LB_YR,ADEN_AGE_UB_YR,ADEN_SEX,ADEN_DX,ADEN_STRAIN,ADEN_SUBJECTS,ADEN_SAMPLES,ADEN_CASES,ADEN_PREV,ADEN_SE,ADEN_NOTES
GREY00000001-01,GREY00000001-01-01,GREY00000001-01-ADEN-01,Medically attended diarrhea - inpatient,Pre-school age children,1.0,11,0.0,1.0,Both,Molecular,,64,59,23,0.38983049988746643,0.06349465250968933,
GREY00000001-01,GREY00000001-01-02,GREY00000001-01-ADEN-02,Medically attended diarrhea - inpatient,Pre-school age children,12.0,23,1.0,2.0,Both,Molecular,,59,54,18,0.3333333432674408,0.06415002793073654,
GREY00000001-01,GREY00000001-01-03,GREY00000001-01-ADEN-03,Medically attended diarrhea - inpatient,Pre-school age children,24.0,58,2.0,5.0,Both,Molecular,,67,54,15,0.2777777910232544,0.06095190718770027,
PMID27080387-01,PMID27080387-01-01,PMID27080387-01-ADEN-01,Asymptomatic,Pre-school age children,0.0,11,0.0,0.0,Both,Molecular,,56,56,3,0.0535714291036129,0.03008960746228695,
PMID27080387-01,PMID27080387-01-02,PMID27080387-01-ADEN-02,Medically attended diarrhea - outpatient,Pre-school age children,0.0,11,0.0,0.0,Both,Molecular,,136,136,7,0.05147058889269829,0.018946783617138863,
PMID27080387-01,PMID27080387-01-03,PMID27080387-01-ADEN-03,Asymptomatic,Pre-school age children,12.0,23,1.0,1.0,Both,Molecular,,83,83,4,0.048192769289016724,0.023508580401539803,
PMID27080387-01,PMID27080387-01-04,PMID27080387-01-ADEN-04,Medically attended diarrhea - outpatient,Pre-school age children,12.0,23,1.0,1.0,Both,Molecular,,151,151,6,0.0397351011633873,0.015896232798695564,
PMID27080387-01,PMID27080387-01-05,PMID27080387-01-ADEN-05,Asymptomatic,Pre-school age children,24.0,59,2.0,4.0,Both,Molecular,,85,85,7,0.08235294371843338,0.02981727384030819,
PMID27080387-01,PMID27080387-01-06,PMID27080387-01-ADEN-06,Medically attended diarrhea - outpatient,Pre-school age children,24.0,59,2.0,4.0,Both,Molecular,,141,141,4,0.028368793427944183,0.013981752097606659,
PMID27080387-01,PMID27080387-01-07,PMID27080387-01-ADEN-07,Asymptomatic,School age children,60.0,119,5.0,5.0,Both,Molecular,,15,15,0,0.0,0.0,
PMID27080387-01,PMID27080387-01-08,PMID27080387-01-ADEN-08,Medically attended diarrhea - outpatient,School age children,60.0,119,5.0,5.0,Both,Molecular,,15,15,0,0.0,0.0,
PMID27673470-01,PMID27673470-01-01,PMID27673470-01-ADEN-01,Asymptomatic,Pre-school age children,0.0,11,0.0,0.0,Both,Molecular,,878,298,58,0.19463087618350983,0.022934814915060997,
PMID27673470-01,PMID27673470-01-02,PMID27673470-01-ADEN-02,Medically attended diarrhea - outpatient,Pre-school age children,0.0,11,0.0,0.0,Both,Molecular,,550,301,81,0.2691029906272888,0.025562545284628868,
PMID27673470-01,PMID27673470-01-03,PMID27673470-01-ADEN-03,Asymptomatic,Pre-school age children,12.0,23,1.0,1.0,Both,Molecular,,761,298,35,0.11744966357946396,0.018650371581315994,
PMID27673470-01,PMID27673470-01-04,PMID27673470-01-ADEN-04,Medically attended diarrhea - outpatient,Pre-school age children,12.0,23,1.0,1.0,Both,Molecular,,476,297,67,0.22558923065662384,0.02425306662917137,
PMID27673470-01,PMID27673470-01-05,PMID27673470-01-ADEN-05,Asymptomatic,Pre-school age children,24.0,59,2.0,4.0,Both,Molecular,,826,300,83,0.27666667103767395,0.02582777664065361,
PMID27673470-01,PMID27673470-01-06,PMID27673470-01-ADEN-06,Medically attended diarrhea - outpatient,Pre-school age children,24.0,59,2.0,4.0,Both,Molecular,,368,299,119,0.3979932963848114,0.028307592496275902,
PMID27673470-02,PMID27673470-02-01,PMID27673470-02-ADEN-01,Asymptomatic,Pre-school age children,0.0,11,0.0,0.0,Both,Molecular,,685,288,168,0.5833333134651184,0.029050694778561592,
PMID27673470-02,PMID27673470-02-02,PMID27673470-02-ADEN-02,Medically attended diarrhea - outpatient,Pre-school age children,0.0,11,0.0,0.0,Both,Molecular,,672,290,190,0.6551724076271057,0.02791128307580948,
PMID27673470-02,PMID27673470-02-03,PMID27673470-02-ADEN-03,Asymptomatic,Pre-school age children,12.0,23,1.0,1.0,Both,Molecular,,598,298,98,0.3288590610027313,0.02721470594406128,
PMID27673470-02,PMID27673470-02-04,PMID27673470-02-ADEN-04,Medically attended diarrhea - outpatient,Pre-school age children,12.0,23,1.0,1.0,Both,Molecular,,588,299,116,0.38795986771583557,0.02818043902516365,
PMID27673470-02,PMID27673470-02-05,PMID27673470-02-ADEN-05,Asymptomatic,Pre-school age children,24.0,59,2.0,4.0,Both,Molecular,,731,297,81,0.27272728085517883,0.025842512026429176,
PMID27673470-02,PMID27673470-02-06,PMID27673470-02-ADEN-06,Medically attended diarrhea - outpatient,Pre-school age children,24.0,59,2.0,4.0,Both,Molecular,,308,298,81,0.2718120813369751,0.025771992281079292,
PMID27673470-03,PMID27673470-03-01,PMID27673470-03-ADEN-01,Asymptomatic,Pre-school age children,0.0,11,0.0,0.0,Both,Molecular,,673,297,47,0.1582491546869278,0.02117796614766121,
PMID27673470-03,PMID27673470-03-02,PMID27673470-03-ADEN-02,Medically attended diarrhea - outpatient,Pre-school age children,0.0,11,0.0,0.0,Both,Molecular,,673,307,59,0.19218240678310394,0.022487660869956017,
PMID27673470-03,PMID27673470-03-03,PMID27673470-03-ADEN-03,Asymptomatic,Pre-school age children,12.0,23,1.0,1.0,Both,Molecular,,621,299,12,0.040133778005838394,0.011350755579769611,
PMID27673470-03,PMID27673470-03-04,PMID27673470-03-ADEN-04,Medically attended diarrhea - outpatient,Pre-school age children,12.0,23,1.0,1.0,Both,Molecular,,410,302,28,0.09271523356437683,0.016689522191882133,
PMID27673470-03,PMID27673470-03-05,PMID27673470-03-ADEN-05,Asymptomatic,Pre-school age children,24.0,59,2.0,4.0,Both,Molecular,,589,299,5,0.016722407191991806,0.0074156951159238815,
PMID27673470-03,PMID27673470-03-06,PMID27673470-03-ADEN-06,Medically attended diarrhea - outpatient,Pre-school age children,24.0,59,2.0,4.0,Both,Molecular,,393,301,14,0.04651162773370743,0.012138226069509983,
PMID27673470-04,PMID27673470-04-01,PMID27673470-04-ADEN-01,Asymptomatic,Pre-school age children,0.0,11,0.0,0.0,Both,Molecular,,727,298,115,0.38590604066848755,0.0282000619918108,
PMID27673470-04,PMID27673470-04-02,PMID27673470-04-ADEN-02,Medically attended diarrhea - outpatient,Pre-school age children,0.0,11,0.0,0.0,Both,Molecular,,727,304,127,0.4177631437778473,0.02828642912209034,
PMID27673470-04,PMID27673470-04-03,PMID27673470-04-ADEN-03,Asymptomatic,Pre-school age children,12.0,23,1.0,1.0,Both,Molecular,,695,289,70,0.24221453070640564,0.025201380252838135,
PMID27673470-04,PMID27673470-04-04,PMID27673470-04-ADEN-04,Medically attended diarrhea - outpatient,Pre-school age children,12.0,23,1.0,1.0,Both,Molecular,,682,293,113,0.38566553592681885,0.028436362743377686,
PMID27673470-04,PMID27673470-04-05,PMID27673470-04-ADEN-05,Asymptomatic,Pre-school age children,24.0,59,2.0,4.0,Both,Molecular,,642,283,16,0.05653710290789604,0.013728907331824303,
PMID27673470-04,PMID27673470-04-06,PMID27673470-04-ADEN-06,Medically attended diarrhea - outpatient,Pre-school age children,24.0,59,2.0,4.0,Both,Molecular,,624,282,19,0.06737588346004486,0.014927291311323643,
PMID27673470-05,PMID27673470-05-01,PMID27673470-05-ADEN-01,Asymptomatic,Pre-school age children,0.0,11,0.0,0.0,Both,Molecular,,696,266,107,0.4022556245326996,0.030065469443798065,
PMID27673470-05,PMID27673470-05-02,PMID27673470-05-ADEN-02,Medically attended diarrhea - outpatient,Pre-school age children,0.0,11,0.0,0.0,Both,Molecular,,374,265,123,0.46415093541145325,0.030635707080364227,
PMID27673470-05,PMID27673470-05-03,PMID27673470-05-ADEN-03,Asymptomatic,Pre-school age children,12.0,23,1.0,1.0,Both,Molecular,,391,159,59,0.37106919288635254,0.03831160441040993,
PMID27673470-05,PMID27673470-05-04,PMID27673470-05-ADEN-04,Medically attended diarrhea - outpatient,Pre-school age children,12.0,23,1.0,1.0,Both,Molecular,,195,159,67,0.42138364911079407,0.03915936499834061,
PMID27673470-05,PMID27673470-05-05,PMID27673470-05-ADEN-05,Asymptomatic,Pre-school age children,24.0,59,2.0,4.0,Both,Molecular,,208,95,10,0.10526315867900848,0.031486477702856064,
PMID27673470-05,PMID27673470-05-06,PMID27673470-05-ADEN-06,Medically attended diarrhea - outpatient,Pre-school age children,24.0,59,2.0,4.0,Both,Molecular,,112,95,11,0.11578947305679321,0.03282846510410309,
PMID27673470-06,PMID27673470-06-01,PMID27673470-06-ADEN-01,Asymptomatic,Pre-school age children,0.0,11,0.0,0.0,Both,Molecular,,633,296,73,0.24662162363529205,0.025053955614566803,
PMID27673470-06,PMID27673470-06-02,PMID27673470-06-ADEN-02,Medically attended diarrhea - outpatient,Pre-school age children,0.0,11,0.0,0.0,Both,Molecular,,633,301,57,0.18936876952648163,0.022583050653338432,
PMID27673470-06,PMID27673470-06-03,PMID27673470-06-ADEN-03,Asymptomatic,Pre-school age children,12.0,23,1.0,1.0,Both,Molecular,,676,300,86,0.2866666615009308,0.026108037680387497,
PMID27673470-06,PMID27673470-06-04,PMID27673470-06-ADEN-04,Medically attended diarrhea - outpatient,Pre-school age children,12.0,23,1.0,1.0,Both,Molecular,,399,299,66,0.22073578834533691,0.023985188454389572,
PMID27673470-06,PMID27673470-06-05,PMID27673470-06-ADEN-05,Asymptomatic,Pre-school age children,24.0,59,2.0,4.0,Both,Molecular,,529,219,47,0.21461187303066254,0.02774258889257908,
PMID27673470-06,PMID27673470-06-06,PMID27673470-06-ADEN-06,Medically attended diarrhea - outpatient,Pre-school age children,24.0,59,2.0,4.0,Both,Molecular,,226,220,37,0.16818182170391083,0.02521694079041481,
PMID27673470-07,PMID27673470-07-01,PMID27673470-07-ADEN-01,Asymptomatic,Pre-school age children,0.0,11,0.0,0.0,Both,Molecular,,585,269,71,0.2639405131340027,0.026874063536524773,
PMID27673470-07,PMID27673470-07-02,PMID27673470-07-ADEN-02,Medically attended diarrhea - outpatient,Pre-school age children,0.0,11,0.0,0.0,Both,Molecular,,400,273,77,0.28205129504203796,0.027235127985477448,
PMID27673470-07,PMID27673470-07-03,PMID27673470-07-ADEN-03,Asymptomatic,Pre-school age children,12.0,23,1.0,1.0,Both,Molecular,,639,297,85,0.2861952781677246,0.026226643472909927,
PMID27673470-07,PMID27673470-07-04,PMID27673470-07-ADEN-04,Medically attended diarrhea - outpatient,Pre-school age children,12.0,23,1.0,1.0,Both,Molecular,,455,302,92,0.30463576316833496,0.02648458257317543,
PMID27673470-07,PMID27673470-07-05,PMID27673470-07-ADEN-05,Asymptomatic,Pre-school age children,24.0,59,2.0,4.0,Both,Molecular,,345,164,23,0.14024390280246735,0.027114881202578545,
PMID27673470-07,PMID27673470-07-06,PMID27673470-07-ADEN-06,Medically attended diarrhea - outpatient,Pre-school age children,24.0,59,2.0,4.0,Both,Molecular,,174,163,26,0.15950919687747955,0.028679102659225464,
PMID28541454-01,PMID28541454-01-01,PMID28541454-01-ADEN-01,Asymptomatic,Pre-school age children,1.0,11,0.0,0.0,Both,Molecular,,296,275,1,0.003636363660916686,0.0036297461483627558,
PMID28541454-01,PMID28541454-01-02,PMID28541454-01-ADEN-02,Medically attended diarrhea - outpatient,Pre-school age children,1.0,11,0.0,0.0,Both,Molecular,,505,484,10,0.020661156624555588,0.006465782877057791,
PMID28541454-01,PMID28541454-01-03,PMID28541454-01-ADEN-03,Asymptomatic,Pre-school age children,12.0,23,1.0,1.0,Both,Molecular,,276,272,5,0.018382353708148003,0.008144929073750973,
PMID28541454-01,PMID28541454-01-04,PMID28541454-01-ADEN-04,Medically attended diarrhea - outpatient,Pre-school age children,12.0,23,1.0,1.0,Both,Molecular,,226,204,2,0.009803921915590763,0.0068983533419668674,
PMID28575304-01,PMID28575304-01-01,PMID28575304-01-ADEN-01,Medically attended diarrhea - outpatient,Pre-school age children,2.0,11,0.0,0.0,Both,Molecular,,147,138,17,0.12318840622901917,0.027976831421256065,
PMID28575304-01,PMID28575304-01-02,PMID28575304-01-ADEN-02,Medically attended diarrhea - outpatient,Pre-school age children,12.0,23,1.0,1.0,Both,Molecular,,80,76,16,0.21052631735801697,0.04676438495516777,
PMID28575304-01,PMID28575304-01-03,PMID28575304-01-ADEN-03,Medically attended diarrhea - outpatient,Pre-school age children,26.0,59,2.0,4.0,Both,Molecular,,6,6,0,0.0,0.0,
PMID28885460-01,PMID28885460-01-01,PMID28885460-01-ADEN-01,Asymptomatic,Pre-school age children,0.5,11,0.5,11.630390167236328,Both,Molecular,,49,49,2,0.040816325694322586,0.028266355395317078,
PMID28885460-01,PMID28885460-01-02,PMID28885460-01-ADEN-02,Asymptomatic,Pre-school age children,12.418890953063965,23,12.418890953063965,22.702259063720703,Both,Molecular,,26,26,0,0.0,0.0,
PMID28885460-01,PMID28885460-01-03,PMID28885460-01-ADEN-03,Asymptomatic,Pre-school age children,24.213552474975586,59,24.213552474975586,58.5,Both,Molecular,,21,21,0,0.0,0.0,
PMID28885460-01,PMID28885460-01-04,PMID28885460-01-ADEN-04,Medically attended diarrhea - outpatient,Pre-school age children,0.19712525606155396,11,0.19712525606155396,11.663244247436523,Both,Molecular,,45,45,0,0.0,0.0,
PMID28885460-01,PMID28885460-01-05,PMID28885460-01-ADEN-05,Medically attended diarrhea - outpatient,Pre-school age children,12.12320327758789,23,12.12320327758789,23.457904815673828,Both,Molecular,,32,32,2,0.0625,0.04279082641005516,
PMID28885460-01,PMID28885460-01-06,PMID28885460-01-ADEN-06,Medically attended diarrhea - outpatient,Pre-school age children,24.24640655517578,59,24.24640655517578,53.19096374511719,Both,Molecular,,21,21,1,0.0476190485060215,0.046471431851387024,
PMID30287127-01,PMID30287127-01-01,PMID30287127-01-ADEN-01,Asymptomatic,Pre-school age children,0.0,11,0.0,0.0,Both,Molecular,,210,415,74,0.1783132553100586,0.01878974586725235,
PMID30287127-01,PMID30287127-01-02,PMID30287127-01-ADEN-02,Community detected diarrhea,Pre-school age children,0.0,11,0.0,0.0,Both,Molecular,,190,309,172,0.5566343069076538,0.02826095186173916,
PMID30287127-01,PMID30287127-01-03,PMID30287127-01-ADEN-03,Asymptomatic,Pre-school age children,12.0,23,1.0,1.0,Both,Molecular,,210,415,79,0.19036144018173218,0.019271301105618477,
PMID30287127-01,PMID30287127-01-04,PMID30287127-01-ADEN-04,Community detected diarrhea,Pre-school age children,12.0,23,1.0,1.0,Both,Molecular,,181,298,139,0.46644294261932373,0.028898917138576508,
PMID30287127-01,PMID30287127-01-05,PMID30287127-01-ADEN-05,Asymptomatic,Pre-school age children,24.0,59,2.0,4.0,Both,Molecular,,136,168,13,0.0773809552192688,0.020614538341760635,
PMID30287127-01,PMID30287127-01-06,PMID30287127-01-ADEN-06,Community detected diarrhea,Pre-school age children,24.0,59,2.0,4.0,Both,Molecular,,13,13,1,0.07692307978868484,0.07390530407428741,
PMID30287127-02,PMID30287127-02-01,PMID30287127-02-ADEN-01,Asymptomatic,Pre-school age children,0.0,11,0.0,0.0,Both,Molecular,,165,324,15,0.046296294778585434,0.011673668399453163,
PMID30287127-02,PMID30287127-02-02,PMID30287127-02-ADEN-02,Community detected diarrhea,Pre-school age children,0.0,11,0.0,0.0,Both,Molecular,,25,25,4,0.1599999964237213,0.07332120835781097,
PMID30287127-02,PMID30287127-02-03,PMID30287127-02-ADEN-03,Asymptomatic,Pre-school age children,12.0,23,1.0,1.0,Both,Molecular,,165,319,17,0.05329153686761856,0.012575982138514519,
PMID30287127-02,PMID30287127-02-04,PMID30287127-02-ADEN-04,Community detected diarrhea,Pre-school age children,12.0,23,1.0,1.0,Both,Molecular,,52,52,6,0.11538461595773697,0.04430467262864113,
PMID30287127-02,PMID30287127-02-05,PMID30287127-02-ADEN-05,Asymptomatic,Pre-school age children,24.0,59,2.0,4.0,Both,Molecular,,97,89,4,0.04494382068514824,0.021961119025945663,
PMID30287127-02,PMID30287127-02-06,PMID30287127-02-ADEN-06,Community detected diarrhea,Pre-school age children,24.0,59,2.0,4.0,Both,Molecular,,6,6,0,0.0,0.0,
PMID30287127-03,PMID30287127-03-01,PMID30287127-03-ADEN-01,Asymptomatic,Pre-school age children,0.0,11,0.0,0.0,Both,Molecular,,227,452,73,0.16150441765785217,0.017309056594967842,
PMID30287127-03,PMID30287127-03-02,PMID30287127-03-ADEN-02,Community detected diarrhea,Pre-school age children,0.0,11,0.0,0.0,Both,Molecular,,165,237,55,0.2320675104856491,0.027421709150075912,
PMID30287127-03,PMID30287127-03-03,PMID30287127-03-ADEN-03,Asymptomatic,Pre-school age children,12.0,23,1.0,1.0,Both,Molecular,,227,443,63,0.1422121822834015,0.016594205051660538,
PMID30287127-03,PMID30287127-03-04,PMID30287127-03-ADEN-04,Community detected diarrhea,Pre-school age children,12.0,23,1.0,1.0,Both,Molecular,,134,156,42,0.26923078298568726,0.03551322966814041,
PMID30287127-03,PMID30287127-03-05,PMID30287127-03-ADEN-05,Asymptomatic,Pre-school age children,24.0,59,2.0,4.0,Both,Molecular,,144,168,14,0.0833333358168602,0.02132359705865383,
PMID30287127-03,PMID30287127-03-06,PMID30287127-03-ADEN-06,Community detected diarrhea,Pre-school age children,24.0,59,2.0,4.0,Both,Molecular,,7,7,0,0.0,0.0,
PMID30287127-04,PMID30287127-04-01,PMID30287127-04-ADEN-01,Asymptomatic,Pre-school age children,0.0,11,0.0,0.0,Both,Molecular,,227,452,23,0.05088495463132858,0.010336771607398987,
PMID30287127-04,PMID30287127-04-02,PMID30287127-04-ADEN-02,Community detected diarrhea,Pre-school age children,0.0,11,0.0,0.0,Both,Molecular,,182,268,16,0.05970149114727974,0.01447298377752304,
PMID30287127-04,PMID30287127-04-03,PMID30287127-04-ADEN-03,Asymptomatic,Pre-school age children,12.0,23,1.0,1.0,Both,Molecular,,227,453,19,0.04194260388612747,0.009418339468538761,
PMID30287127-04,PMID30287127-04-04,PMID30287127-04-ADEN-04,Community detected diarrhea,Pre-school age children,12.0,23,1.0,1.0,Both,Molecular,,173,244,26,0.10655737668275833,0.01975286938250065,
PMID30287127-04,PMID30287127-04-05,PMID30287127-04-ADEN-05,Asymptomatic,Pre-school age children,24.0,59,2.0,4.0,Both,Molecular,,170,209,11,0.05263157933950424,0.015445767901837826,
PMID30287127-04,PMID30287127-04-06,PMID30287127-04-ADEN-06,Community detected diarrhea,Pre-school age children,24.0,59,2.0,4.0,Both,Molecular,,2,2,1,0.5,0.3535533845424652,
PMID30287127-05,PMID30287127-05-01,PMID30287127-05-ADEN-01,Asymptomatic,Pre-school age children,0.0,11,0.0,0.0,Both,Molecular,,245,487,61,0.12525667250156403,0.014999482780694962,
PMID30287127-05,PMID30287127-05-02,PMID30287127-05-ADEN-02,Community detected diarrhea,Pre-school age children,0.0,11,0.0,0.0,Both,Molecular,,226,389,44,0.11311054229736328,0.01605874113738537,
PMID30287127-05,PMID30287127-05-03,PMID30287127-05-ADEN-03,Asymptomatic,Pre-school age children,12.0,23,1.0,1.0,Both,Molecular,,246,489,80,0.1635991781949997,0.016727974638342857,
PMID30287127-05,PMID30287127-05-04,PMID30287127-05-ADEN-04,Community detected diarrhea,Pre-school age children,12.0,23,1.0,1.0,Both,Molecular,,190,279,52,0.18637992441654205,0.02331354282796383,
PMID30287127-05,PMID30287127-05-05,PMID30287127-05-ADEN-05,Asymptomatic,Pre-school age children,24.0,59,2.0,4.0,Both,Molecular,,92,102,14,0.13725490868091583,0.03407258540391922,
PMID30287127-05,PMID30287127-05-06,PMID30287127-05-ADEN-06,Community detected diarrhea,Pre-school age children,24.0,59,2.0,4.0,Both,Molecular,,7,7,2,0.2857142984867096,0.17074695229530334,
PMID30287127-06,PMID30287127-06-01,PMID30287127-06-ADEN-01,Asymptomatic,Pre-school age children,0.0,11,0.0,0.0,Both,Molecular,,194,377,88,0.23342175781726837,0.02178603783249855,
PMID30287127-06,PMID30287127-06-02,PMID30287127-06-ADEN-02,Community detected diarrhea,Pre-school age children,0.0,11,0.0,0.0,Both,Molecular,,178,298,88,0.29530200362205505,0.02642570436000824,
PMID30287127-06,PMID30287127-06-03,PMID30287127-06-ADEN-03,Asymptomatic,Pre-school age children,12.0,23,1.0,1.0,Both,Molecular,,194,385,102,0.26493507623672485,0.022490661591291428,
PMID30287127-06,PMID30287127-06-04,PMID30287127-06-ADEN-04,Community detected diarrhea,Pre-school age children,12.0,23,1.0,1.0,Both,Molecular,,182,313,108,0.3450479209423065,0.026870286092162132,
PMID30287127-06,PMID30287127-06-05,PMID30287127-06-ADEN-05,Asymptomatic,Pre-school age children,24.0,59,2.0,4.0,Both,Molecular,,142,174,20,0.1149425283074379,0.024179732427001,
PMID30287127-06,PMID30287127-06-06,PMID30287127-06-ADEN-06,Community detected diarrhea,Pre-school age children,24.0,59,2.0,4.0,Both,Molecular,,20,20,7,0.3499999940395355,0.10665364563465118,
PMID30287127-07,PMID30287127-07-01,PMID30287127-07-ADEN-01,Asymptomatic,Pre-school age children,0.0,11,0.0,0.0,Both,Molecular,,237,454,40,0.08810572326183319,0.01330290175974369,
PMID30287127-07,PMID30287127-07-02,PMID30287127-07-ADEN-02,Community detected diarrhea,Pre-school age children,0.0,11,0.0,0.0,Both,Molecular,,54,49,6,0.12244898080825806,0.046829093247652054,
PMID30287127-07,PMID30287127-07-03,PMID30287127-07-ADEN-03,Asymptomatic,Pre-school age children,12.0,23,1.0,1.0,Both,Molecular,,237,442,48,0.1085972860455513,0.01479910034686327,
PMID30287127-07,PMID30287127-07-04,PMID30287127-07-ADEN-04,Community detected diarrhea,Pre-school age children,12.0,23,1.0,1.0,Both,Molecular,,50,51,5,0.09803921729326248,0.04163980111479759,
PMID30287127-07,PMID30287127-07-05,PMID30287127-07-ADEN-05,Asymptomatic,Pre-school age children,24.0,59,2.0,4.0,Both,Molecular,,98,109,16,0.14678898453712463,0.0338970348238945,
PMID30287127-07,PMID30287127-07-06,PMID30287127-07-ADEN-06,Community detected diarrhea,Pre-school age children,24.0,59,2.0,4.0,Both,Molecular,,1,1,0,0.0,0.0,
PMID30287127-08,PMID30287127-08-01,PMID30287127-08-ADEN-01,Asymptomatic,Pre-school age children,0.0,11,0.0,0.0,Both,Molecular,,209,412,36,0.08737864345312119,0.013912313617765903,
PMID30287127-08,PMID30287127-08-02,PMID30287127-08-ADEN-02,Community detected diarrhea,Pre-school age children,0.0,11,0.0,0.0,Both,Molecular,,80,97,9,0.09278350323438644,0.029458116739988327,
PMID30287127-08,PMID30287127-08-03,PMID30287127-08-ADEN-03,Asymptomatic,Pre-school age children,12.0,23,1.0,1.0,Both,Molecular,,209,410,30,0.0731707289814949,0.012861056253314018,
PMID30287127-08,PMID30287127-08-04,PMID30287127-08-ADEN-04,Community detected diarrhea,Pre-school age children,12.0,23,1.0,1.0,Both,Molecular,,39,39,10,0.25641027092933655,0.06992010772228241,
PMID30287127-08,PMID30287127-08-05,PMID30287127-08-ADEN-05,Asymptomatic,Pre-school age children,24.0,59,2.0,4.0,Both,Molecular,,161,214,11,0.05140186846256256,0.015094672329723835,
PMID31004129-01,PMID31004129-01-01,PMID31004129-01-ADEN-01,Community detected diarrhea,Pre-school age children,0.0,11,0.0,1.0,Both,Molecular,,908,1590,130,0.08176100999116898,0.006871514022350311,
PMID31004129-01,PMID31004129-01-02,PMID31004129-01-ADEN-02,,Pre-school age children,3.0,11,0.0,1.0,Both,Molecular,,106,106,20,0.18867924809455872,0.03800190985202789,
PMID31004129-01,PMID31004129-01-03,PMID31004129-01-ADEN-03,Community detected diarrhea,Pre-school age children,12.0,18,1.0,2.0,Both,Molecular,,623,623,40,0.06420546025037766,0.009820468723773956,
PMID31004129-01,PMID31004129-01-04,PMID31004129-01-ADEN-04,,Pre-school age children,12.0,19,1.0,2.0,Both,Molecular,,53,53,8,0.15094339847564697,0.04917421564459801,
PMID31064387-01,PMID31064387-01-01,PMID31064387-01-ADEN-01,Asymptomatic,Pre-school age children,0.0,11,0.0,0.0,Both,Molecular,,4,4,0,0.0,0.0,
PMID31064387-01,PMID31064387-01-02,PMID31064387-01-ADEN-02,Asymptomatic,Pre-school age children,12.0,23,1.0,1.0,Both,Molecular,,27,27,0,0.0,0.0,
PMID31064387-01,PMID31064387-01-03,PMID31064387-01-ADEN-03,Asymptomatic,Pre-school age children,24.0,59,2.0,4.0,Both,Molecular,,189,189,0,0.0,0.0,
PMID31064387-01,PMID31064387-01-04,PMID31064387-01-ADEN-04,Asymptomatic,School age children,60.0,107,5.0,9.0,Both,Molecular,,233,233,3,0.01287553645670414,0.00738568278029561,
PMID31064387-01,PMID31064387-01-05,PMID31064387-01-ADEN-05,Asymptomatic,Adolescents,120.0,215,10.0,18.0,Both,Molecular,,140,140,0,0.0,0.0,
PMID31064387-01,PMID31064387-01-06,PMID31064387-01-ADEN-06,Asymptomatic,Adults,240.0,935,20.0,78.0,Both,Molecular,,297,297,2,0.006734006572514772,0.0047456021420657635,
PMID31754717-01,PMID31754717-01-01,PMID31754717-01-ADEN-01,Asymptomatic,Pre-school age children,2.0,11,0.0,0.0,Both,Molecular,,26,26,3,0.11538461595773697,0.06265626847743988,
PMID31754717-01,PMID31754717-01-02,PMID31754717-01-ADEN-02,Asymptomatic,Pre-school age children,12.0,18,1.0,1.0,Both,Molecular,,7,7,1,0.1428571492433548,0.1322600096464157,
PMID32592580-01,PMID32592580-01-01,PMID32592580-01-ADEN-01,Asymptomatic,Pre-school age children,0.0,11,0.0,0.0,Both,Molecular,,171,171,7,0.04093567281961441,0.015152238309383392,
PMID32592580-01,PMID32592580-01-02,PMID32592580-01-ADEN-02,Medically attended diarrhea - outpatient,Pre-school age children,0.0,11,0.0,0.0,Both,Molecular,,1055,1055,257,0.24360188841819763,0.013215674087405205,
PMID32592580-01,PMID32592580-01-03,PMID32592580-01-ADEN-03,Asymptomatic,Pre-school age children,12.0,23,1.0,1.0,Both,Molecular,,118,118,5,0.04237288236618042,0.01854390650987625,
PMID32592580-01,PMID32592580-01-04,PMID32592580-01-ADEN-04,Medically attended diarrhea - outpatient,Pre-school age children,12.0,23,1.0,1.0,Both,Molecular,,482,482,131,0.271784245967865,0.02026369608938694,
PMID32592580-01,PMID32592580-01-05,PMID32592580-01-ADEN-05,Asymptomatic,Pre-school age children,24.0,59,2.0,4.0,Both,Molecular,,33,33,1,0.03030303120613098,0.029840361326932907,
PMID32592580-01,PMID32592580-01-06,PMID32592580-01-ADEN-06,Medically attended diarrhea - outpatient,Pre-school age children,24.0,59,2.0,4.0,Both,Molecular,,140,140,37,0.26428571343421936,0.037267256528139114,
PMID32592580-01,PMID32592580-01-07,PMID32592580-01-ADEN-07,Asymptomatic,School age children,60.0,108,5.0,9.0,Both,Molecular,,15,15,0,0.0,0.0,
PMID32592580-01,PMID32592580-01-08,PMID32592580-01-ADEN-08,Medically attended diarrhea - outpatient,School age children,60.0,108,5.0,9.0,Both,Molecular,,75,75,8,0.1066666692495346,0.03564433380961418,
PMID32592580-01,PMID32592580-01-09,PMID32592580-01-ADEN-09,Asymptomatic,Adolescents,120.0,228,10.0,19.0,Both,Molecular,,34,34,2,0.05882352963089943,0.040352609008550644,
PMID32592580-01,PMID32592580-01-10,PMID32592580-01-ADEN-10,Medically attended diarrhea - outpatient,Adolescents,120.0,228,10.0,19.0,Both,Molecular,,203,203,32,0.15763546526432037,0.025575784966349602,
PMID32592580-01,PMID32592580-01-11,PMID32592580-01-ADEN-11,Asymptomatic,Adults,240.0,1056,20.0,88.0,Both,Molecular,,248,248,9,0.03629032149910927,0.011875247582793236,
PMID32592580-01,PMID32592580-01-12,PMID32592580-01-ADEN-12,Medically attended diarrhea - outpatient,Adults,240.0,1140,20.0,95.0,Both,Molecular,,1711,1711,300,0.1753360629081726,0.009192828088998795,
PMID32592580-02,PMID32592580-02-01,PMID32592580-02-ADEN-01,Asymptomatic,Pre-school age children,0.0,11,0.0,0.0,Both,Molecular,,33,33,2,0.06060606241226196,0.04153602570295334,
PMID32592580-02,PMID32592580-02-02,PMID32592580-02-ADEN-02,Medically attended diarrhea - outpatient,Pre-school age children,0.0,11,0.0,0.0,Both,Molecular,,47,47,32,0.6808510422706604,0.06799450516700745,
PMID32592580-02,PMID32592580-02-03,PMID32592580-02-ADEN-03,Asymptomatic,Pre-school age children,12.0,23,1.0,1.0,Both,Molecular,,13,13,2,0.1538461595773697,0.10006825625896454,
PMID32592580-02,PMID32592580-02-04,PMID32592580-02-ADEN-04,Medically attended diarrhea - outpatient,Pre-school age children,12.0,23,1.0,1.0,Both,Molecular,,25,25,14,0.5600000023841858,0.09927739202976227,
PMID32592580-02,PMID32592580-02-05,PMID32592580-02-ADEN-05,Asymptomatic,Pre-school age children,24.0,59,2.0,2.0,Both,Molecular,,1,1,0,0.0,0.0,
PMID32592580-02,PMID32592580-02-06,PMID32592580-02-ADEN-06,Medically attended diarrhea - outpatient,Pre-school age children,24.0,59,2.0,4.0,Both,Molecular,,6,6,2,0.3333333432674408,0.19245009124279022,
PMID32592580-02,PMID32592580-02-07,PMID32592580-02-ADEN-07,Asymptomatic,School age children,60.0,72,5.0,6.0,Both,Molecular,,2,2,0,0.0,0.0,
PMID32592580-02,PMID32592580-02-08,PMID32592580-02-ADEN-08,Medically attended diarrhea - outpatient,School age children,60.0,108,5.0,9.0,Both,Molecular,,6,6,3,0.5,0.20412415266036987,
PMID32592580-02,PMID32592580-02-09,PMID32592580-02-ADEN-09,Asymptomatic,Adolescents,192.0,192,16.0,16.0,Both,Molecular,,1,1,0,0.0,0.0,
PMID32592580-02,PMID32592580-02-10,PMID32592580-02-ADEN-10,Medically attended diarrhea - outpatient,Adolescents,120.0,228,10.0,19.0,Both,Molecular,,19,19,10,0.5263158082962036,0.11454888433218002,
PMID32592580-02,PMID32592580-02-11,PMID32592580-02-ADEN-11,Asymptomatic,Adults,252.0,780,21.0,65.0,Both,Molecular,,20,20,2,0.10000000149011612,0.06708204001188278,
PMID32592580-02,PMID32592580-02-12,PMID32592580-02-ADEN-12,Medically attended diarrhea - outpatient,Adults,240.0,1020,20.0,85.0,Both,Molecular,,216,216,62,0.28703704476356506,0.030780494213104248,
PMID32592580-03,PMID32592580-03-02,PMID32592580-03-ADEN-02,Medically attended diarrhea - outpatient,Pre-school age children,0.0,11,0.0,0.0,Both,Molecular,,46,46,17,0.3695652186870575,0.07116831839084625,
PMID32592580-03,PMID32592580-03-04,PMID32592580-03-ADEN-04,Medically attended diarrhea - outpatient,Pre-school age children,12.0,23,1.0,1.0,Both,Molecular,,34,34,9,0.2647058963775635,0.07566114515066147,
PMID32592580-03,PMID32592580-03-06,PMID32592580-03-ADEN-06,Medically attended diarrhea - outpatient,Pre-school age children,24.0,59,2.0,4.0,Both,Molecular,,26,26,10,0.38461539149284363,0.09541133791208267,
PMID32592580-03,PMID32592580-03-08,PMID32592580-03-ADEN-08,Medically attended diarrhea - outpatient,School age children,60.0,108,5.0,9.0,Both,Molecular,,33,33,8,0.24242424964904785,0.07460090517997742,
PMID32592580-03,PMID32592580-03-10,PMID32592580-03-ADEN-10,Medically attended diarrhea - outpatient,Adolescents,120.0,228,10.0,19.0,Both,Molecular,,43,43,6,0.13953489065170288,0.05284133926033974,
PMID32592580-03,PMID32592580-03-12,PMID32592580-03-ADEN-12,Medically attended diarrhea - outpatient,Adults,240.0,1020,20.0,85.0,Both,Molecular,,345,345,67,0.19420289993286133,0.021297624334692955,
PMID32592580-04,PMID32592580-04-01,PMID32592580-04-ADEN-01,Asymptomatic,Pre-school age children,0.0,11,0.0,0.0,Both,Molecular,,5,5,0,0.0,0.0,
PMID32592580-04,PMID32592580-04-02,PMID32592580-04-ADEN-02,Medically attended diarrhea - outpatient,Pre-school age children,0.0,11,0.0,0.0,Both,Molecular,,44,44,13,0.2954545319080353,0.0687817931175232,
PMID32592580-04,PMID32592580-04-03,PMID32592580-04-ADEN-03,Asymptomatic,Pre-school age children,12.0,23,1.0,1.0,Both,Molecular,,4,4,1,0.25,0.21650634706020355,
PMID32592580-04,PMID32592580-04-04,PMID32592580-04-ADEN-04,Medically attended diarrhea - outpatient,Pre-school age children,12.0,23,1.0,1.0,Both,Molecular,,48,48,21,0.4375,0.07160274684429169,
PMID32592580-04,PMID32592580-04-05,PMID32592580-04-ADEN-05,Asymptomatic,Pre-school age children,24.0,59,3.0,3.0,Both,Molecular,,1,1,0,0.0,0.0,
PMID32592580-04,PMID32592580-04-06,PMID32592580-04-ADEN-06,Medically attended diarrhea - outpatient,Pre-school age children,24.0,59,2.0,4.0,Both,Molecular,,16,16,7,0.4375,0.12401959300041199,
PMID32592580-04,PMID32592580-04-08,PMID32592580-04-ADEN-08,Medically attended diarrhea - outpatient,School age children,60.0,108,5.0,9.0,Both,Molecular,,5,5,2,0.4000000059604645,0.21908901631832123,
PMID32592580-04,PMID32592580-04-09,PMID32592580-04-ADEN-09,Asymptomatic,Adolescents,192.0,192,16.0,16.0,Both,Molecular,,1,1,0,0.0,0.0,
PMID32592580-04,PMID32592580-04-10,PMID32592580-04-ADEN-10,Medically attended diarrhea - outpatient,Adolescents,120.0,228,10.0,19.0,Both,Molecular,,17,17,4,0.23529411852359772,0.1028793677687645,
PMID32592580-04,PMID32592580-04-11,PMID32592580-04-ADEN-11,Asymptomatic,Adults,360.0,720,30.0,60.0,Both,Molecular,,7,7,0,0.0,0.0,
PMID32592580-04,PMID32592580-04-12,PMID32592580-04-ADEN-12,Medically attended diarrhea - outpatient,Adults,240.0,960,20.0,80.0,Both,Molecular,,186,186,30,0.16129031777381897,0.026968296617269516,
PMID32592580-05,PMID32592580-05-02,PMID32592580-05-ADEN-02,Medically attended diarrhea - outpatient,Pre-school age children,0.0,11,0.0,0.0,Both,Molecular,,26,26,10,0.38461539149284363,0.09541133791208267,
PMID32592580-05,PMID32592580-05-03,PMID32592580-05-ADEN-03,Asymptomatic,Pre-school age children,12.0,23,1.0,1.0,Both,Molecular,,1,1,1,1.0,0.0,
PMID32592580-05,PMID32592580-05-04,PMID32592580-05-ADEN-04,Medically attended diarrhea - outpatient,Pre-school age children,12.0,23,1.0,1.0,Both,Molecular,,18,18,10,0.5555555820465088,0.1171213909983635,
PMID32592580-05,PMID32592580-05-06,PMID32592580-05-ADEN-06,Medically attended diarrhea - outpatient,Pre-school age children,24.0,59,2.0,2.0,Both,Molecular,,3,3,2,0.6666666865348816,0.27216553688049316,
PMID32592580-05,PMID32592580-05-08,PMID32592580-05-ADEN-08,Medically attended diarrhea - outpatient,School age children,84.0,108,7.0,9.0,Both,Molecular,,2,2,2,1.0,0.0,
PMID32592580-05,PMID32592580-05-10,PMID32592580-05-ADEN-10,Medically attended diarrhea - outpatient,Adolescents,120.0,216,10.0,18.0,Both,Molecular,,4,4,0,0.0,0.0,
PMID32592580-05,PMID32592580-05-12,PMID32592580-05-ADEN-12,Medically attended diarrhea - outpatient,Adults,240.0,1080,20.0,90.0,Both,Molecular,,48,48,7,0.1458333283662796,0.05094236135482788,
PMID32592580-06,PMID32592580-06-01,PMID32592580-06-ADEN-01,Asymptomatic,Pre-school age children,0.0,11,0.0,0.0,Both,Molecular,,1,1,1,1.0,0.0,
PMID32592580-06,PMID32592580-06-02,PMID32592580-06-ADEN-02,Medically attended diarrhea - outpatient,Pre-school age children,0.0,11,0.0,0.0,Both,Molecular,,143,143,81,0.5664335489273071,0.04144138842821121,
PMID32592580-06,PMID32592580-06-04,PMID32592580-06-ADEN-04,Medically attended diarrhea - outpatient,Pre-school age children,12.0,23,1.0,1.0,Both,Molecular,,68,68,31,0.45588234066963196,0.06039741262793541,
PMID32592580-06,PMID32592580-06-06,PMID32592580-06-ADEN-06,Medically attended diarrhea - outpatient,Pre-school age children,24.0,59,2.0,4.0,Both,Molecular,,18,18,7,0.3888888955116272,0.11490438878536224,
PMID32592580-06,PMID32592580-06-08,PMID32592580-06-ADEN-08,Medically attended diarrhea - outpatient,School age children,72.0,84,6.0,7.0,Both,Molecular,,2,2,0,0.0,0.0,
PMID32592580-06,PMID32592580-06-10,PMID32592580-06-ADEN-10,Medically attended diarrhea - outpatient,Adolescents,120.0,228,10.0,19.0,Both,Molecular,,11,11,3,0.27272728085517883,0.13428162038326263,
PMID32592580-06,PMID32592580-06-12,PMID32592580-06-ADEN-12,Medically attended diarrhea - outpatient,Adults,240.0,960,20.0,80.0,Both,Molecular,,56,56,17,0.3035714328289032,0.061443328857421875,
PMID32592580-07,PMID32592580-07-02,PMID32592580-07-ADEN-02,Medically attended diarrhea - outpatient,Pre-school age children,0.0,11,0.0,0.0,Both,Molecular,,77,77,43,0.5584415793418884,0.056589726358652115,
PMID32592580-07,PMID32592580-07-03,PMID32592580-07-ADEN-03,Asymptomatic,Pre-school age children,12.0,23,1.0,1.0,Both,Molecular,,2,2,1,0.5,0.3535533845424652,
PMID32592580-07,PMID32592580-07-04,PMID32592580-07-ADEN-04,Medically attended diarrhea - outpatient,Pre-school age children,12.0,23,1.0,1.0,Both,Molecular,,81,81,40,0.4938271641731262,0.05555132031440735,
PMID32592580-07,PMID32592580-07-06,PMID32592580-07-ADEN-06,Medically attended diarrhea - outpatient,Pre-school age children,24.0,59,2.0,3.0,Both,Molecular,,34,34,19,0.5588235259056091,0.08515380322933197,
PMID32592580-07,PMID32592580-07-08,PMID32592580-07-ADEN-08,Medically attended diarrhea - outpatient,School age children,60.0,96,5.0,8.0,Both,Molecular,,6,6,1,0.1666666716337204,0.1521451622247696,
PMID32592580-07,PMID32592580-07-10,PMID32592580-07-ADEN-10,Medically attended diarrhea - outpatient,Adolescents,120.0,228,10.0,19.0,Both,Molecular,,8,8,1,0.125,0.11692679673433304,
PMID32592580-07,PMID32592580-07-12,PMID32592580-07-ADEN-12,Medically attended diarrhea - outpatient,Adults,240.0,960,20.0,80.0,Both,Molecular,,83,83,19,0.22891566157341003,0.04611578956246376,
PMID34524885-01,PMID34524885-01-01,PMID34524885-01-ADEN-01,Medically attended diarrhea - outpatient,Pre-school age children,0.0,11,0.0,0.0,Both,Molecular,,32,32,5,0.15625,0.06418623775243759,
PMID34524885-01,PMID34524885-01-02,PMID34524885-01-ADEN-02,Medically attended diarrhea - outpatient,Pre-school age children,12.0,23,1.0,1.0,Both,Molecular,,20,20,3,0.15000000596046448,0.07984359562397003,
PMID34524885-01,PMID34524885-01-03,PMID34524885-01-ADEN-03,Medically attended diarrhea - outpatient,Pre-school age children,24.0,59,2.0,4.0,Both,Molecular,,61,61,6,0.09836065769195557,0.038129597902297974,
PMID34524885-01,PMID34524885-01-04,PMID34524885-01-ADEN-04,Medically attended diarrhea - outpatient,School age children,60.0,108,5.0,9.0,Both,Molecular,,42,42,4,0.095238097012043,0.04529475048184395,
PMID34524885-01,PMID34524885-01-05,PMID34524885-01-ADEN-05,Medically attended diarrhea - outpatient,Adolescents,120.0,204,10.0,17.0,Both,Molecular,,44,44,3,0.06818182021379471,0.037999119609594345,
PMID34524885-02,PMID34524885-02-01,PMID34524885-02-ADEN-01,Medically attended diarrhea - outpatient,Pre-school age children,0.0,11,0.0,0.0,Both,Molecular,,8,8,2,0.25,0.1530931144952774,
PMID34524885-02,PMID34524885-02-02,PMID34524885-02-ADEN-02,Medically attended diarrhea - outpatient,Pre-school age children,12.0,23,1.0,1.0,Both,Molecular,,34,34,3,0.0882352963089943,0.048643309623003006,
PMID34524885-02,PMID34524885-02-03,PMID34524885-02-ADEN-03,Medically attended diarrhea - outpatient,Pre-school age children,24.0,59,2.0,4.0,Both,Molecular,,51,51,5,0.09803921729326248,0.04163980111479759,
PMID34524885-02,PMID34524885-02-04,PMID34524885-02-ADEN-04,Medically attended diarrhea - outpatient,School age children,60.0,108,5.0,9.0,Both,Molecular,,34,34,2,0.05882352963089943,0.040352609008550644,
PMID34524885-02,PMID34524885-02-05,PMID34524885-02-ADEN-05,Medically attended diarrhea - outpatient,Adolescents,120.0,204,10.0,17.0,Both,Molecular,,12,12,2,0.1666666716337204,0.10758287459611893,
PMID34587158-01,PMID34587158-01-01,PMID34587158-01-ADEN-01,Asymptomatic,Pre-school age children,1.0,11,0.0,1.0,Both,Molecular,,83,78,17,0.21794871985912323,0.04674632474780083,
PMID34587158-01,PMID34587158-01-02,PMID34587158-01-ADEN-02,Medically attended diarrhea - outpatient,Pre-school age children,0.0,11,0.0,1.0,Both,Molecular,,84,78,15,0.19230769574642181,0.04462456703186035,
PMID34587158-01,PMID34587158-01-03,PMID34587158-01-ADEN-03,Asymptomatic,Pre-school age children,12.0,23,1.0,2.0,Both,Molecular,,56,52,9,0.17307692766189575,0.05246267840266228,
PMID34587158-01,PMID34587158-01-04,PMID34587158-01-ADEN-04,Medically attended diarrhea - outpatient,Pre-school age children,12.0,23,1.0,2.0,Both,Molecular,,90,82,15,0.18292683362960815,0.042693547904491425,
PMID34587158-01,PMID34587158-01-05,PMID34587158-01-ADEN-05,Asymptomatic,Pre-school age children,24.0,59,2.0,5.0,Both,Molecular,,61,54,7,0.12962962687015533,0.04570958763360977,
PMID34587158-01,PMID34587158-01-06,PMID34587158-01-ADEN-06,Medically attended diarrhea - outpatient,Pre-school age children,24.0,54,2.0,5.0,Both,Molecular,,55,53,10,0.18867924809455872,0.05374281853437424,
PMID35915480-01,PMID35915480-01-01,PMID35915480-01-ADEN-01,Medically attended diarrhea - inpatient,Pre-school age children,0.0,11,0.0,0.0,Both,Molecular,,122,122,7,0.05737704783678055,0.02105514332652092,
PMID35915480-01,PMID35915480-01-02,PMID35915480-01-ADEN-02,Medically attended diarrhea - inpatient,Pre-school age children,12.0,23,1.0,1.0,Both,Molecular,,63,63,9,0.1428571492433548,0.044086672365665436,
PMID35915480-01,PMID35915480-01-03,PMID35915480-01-ADEN-03,Medically attended diarrhea - inpatient,Pre-school age children,24.0,57,2.0,4.0,Both,Molecular,,29,29,1,0.03448275849223137,0.03388301283121109,
PMID35915480-01,PMID35915480-01-04,PMID35915480-01-ADEN-04,Medically attended diarrhea - inpatient,School age children,63.0,116,5.0,9.0,Both,Molecular,,15,15,0,0.0,0.0,
PMID35915480-01,PMID35915480-01-05,PMID35915480-01-ADEN-05,Medically attended diarrhea - inpatient,Adolescents,123.0,153,10.0,13.0,Both,Molecular,,4,4,0,0.0,0.0,
PMID35915480-02,PMID35915480-02-01,PMID35915480-02-ADEN-01,Medically attended diarrhea - inpatient,Pre-school age children,1.0,11,0.0,0.0,Both,Molecular,,185,185,18,0.0972972959280014,0.021788978949189186,
PMID35915480-02,PMID35915480-02-02,PMID35915480-02-ADEN-02,Medically attended diarrhea - inpatient,Pre-school age children,12.0,23,1.0,1.0,Both,Molecular,,152,152,15,0.09868421405553818,0.024190260097384453,
PMID35915480-02,PMID35915480-02-03,PMID35915480-02-ADEN-03,Medically attended diarrhea - inpatient,Pre-school age children,24.0,55,2.0,4.0,Both,Molecular,,75,75,9,0.11999999731779099,0.03752332553267479,
PMID35915480-02,PMID35915480-02-04,PMID35915480-02-ADEN-04,Medically attended diarrhea - inpatient,School age children,61.0,119,5.0,9.0,Both,Molecular,,32,32,1,0.03125,0.03075784258544445,
PMID35915480-02,PMID35915480-02-05,PMID35915480-02-ADEN-05,Medically attended diarrhea - inpatient,Adolescents,122.0,154,10.0,13.0,Both,Molecular,,13,13,0,0.0,0.0,
