SITE_ID,EST_ID,CAMP_EST_ID,CAMP_SYNDROME,CAMP_AGE_GROUP,CAMP_AGE_LB_MON,CAMP_AGE_UB_MON,CAMP_AGE_LB_YR,CAMP_AGE_UB_YR,CAMP_SEX,CAMP_DX,CAMP_STRAIN,CAMP_SUBJECTS,CAMP_SAMPLES,CAMP_CASES,CAMP_PREV,CAMP_SE,CAMP_NOTES
GREY00000001-01,GREY00000001-01-01,GREY00000001-01-CAMP-01,Medically attended diarrhea - inpatient,Pre-school age children,1.0,11,0.0,1.0,Both,Molecular,,64,59,17,0.2881355881690979,0.05896184965968132,
GREY00000001-01,GREY00000001-01-02,GREY00000001-01-CAMP-02,Medically attended diarrhea - inpatient,Pre-school age children,12.0,23,1.0,2.0,Both,Molecular,,59,54,19,0.35185185074806213,0.06498605757951736,
GREY00000001-01,GREY00000001-01-03,GREY00000001-01-CAMP-03,Medically attended diarrhea - inpatient,Pre-school age children,24.0,58,2.0,5.0,Both,Molecular,,67,54,11,0.20370370149612427,0.05480749160051346,
PMID25926413-01,PMID25926413-01-01,PMID25926413-01-CAMP-01,Asymptomatic,Pre-school age children,0.0,11,0.0,1.0,Both,Molecular,,1297,601,244,0.40599000453948975,0.020031677559018135,
PMID25926413-01,PMID25926413-01-02,PMID25926413-01-CAMP-02,Asymptomatic,Pre-school age children,12.0,22,1.0,2.0,Both,Molecular,,666,662,431,0.6510574221611023,0.018524974584579468,
PMID25926413-01,PMID25926413-01-03,PMID25926413-01-CAMP-03,Asymptomatic,Pre-school age children,30.0,32,3.0,3.0,Both,Molecular,,596,596,429,0.7197986841201782,0.01839574985206127,
PMID27080387-01,PMID27080387-01-01,PMID27080387-01-CAMP-01,Asymptomatic,Pre-school age children,0.0,11,0.0,0.0,Both,Molecular,,56,56,19,0.3392857015132904,0.06326967477798462,
PMID27080387-01,PMID27080387-01-02,PMID27080387-01-CAMP-02,Medically attended diarrhea - outpatient,Pre-school age children,0.0,11,0.0,0.0,Both,Molecular,,136,136,37,0.2720588147640228,0.03816015273332596,
PMID27080387-01,PMID27080387-01-03,PMID27080387-01-CAMP-03,Asymptomatic,Pre-school age children,12.0,23,1.0,1.0,Both,Molecular,,83,83,32,0.3855421543121338,0.05342480540275574,
PMID27080387-01,PMID27080387-01-04,PMID27080387-01-CAMP-04,Medically attended diarrhea - outpatient,Pre-school age children,12.0,23,1.0,1.0,Both,Molecular,,151,151,54,0.3576158881187439,0.03900473564863205,
PMID27080387-01,PMID27080387-01-05,PMID27080387-01-CAMP-05,Asymptomatic,Pre-school age children,24.0,59,2.0,4.0,Both,Molecular,,85,85,24,0.2823529541492462,0.048824988305568695,
PMID27080387-01,PMID27080387-01-06,PMID27080387-01-CAMP-06,Medically attended diarrhea - outpatient,Pre-school age children,24.0,59,2.0,4.0,Both,Molecular,,141,141,58,0.41134750843048096,0.0414404422044754,
PMID27080387-01,PMID27080387-01-07,PMID27080387-01-CAMP-07,Asymptomatic,School age children,60.0,119,5.0,5.0,Both,Molecular,,15,15,3,0.20000000298023224,0.10327955335378647,
PMID27080387-01,PMID27080387-01-08,PMID27080387-01-CAMP-08,Medically attended diarrhea - outpatient,School age children,60.0,119,5.0,5.0,Both,Molecular,,15,15,4,0.2666666805744171,0.11417984962463379,
PMID27673470-01,PMID27673470-01-01,PMID27673470-01-CAMP-01,Asymptomatic,Pre-school age children,0.0,11,0.0,0.0,Both,Molecular,,878,300,82,0.273333340883255,0.02573079988360405,
PMID27673470-01,PMID27673470-01-02,PMID27673470-01-CAMP-02,Medically attended diarrhea - outpatient,Pre-school age children,0.0,11,0.0,0.0,Both,Molecular,,550,300,109,0.3633333444595337,0.027768220752477646,
PMID27673470-01,PMID27673470-01-03,PMID27673470-01-CAMP-03,Asymptomatic,Pre-school age children,12.0,23,1.0,1.0,Both,Molecular,,761,300,89,0.2966666519641876,0.02637268416583538,
PMID27673470-01,PMID27673470-01-04,PMID27673470-01-CAMP-04,Medically attended diarrhea - outpatient,Pre-school age children,12.0,23,1.0,1.0,Both,Molecular,,476,299,85,0.284280925989151,0.026086123660206795,
PMID27673470-01,PMID27673470-01-05,PMID27673470-01-CAMP-05,Asymptomatic,Pre-school age children,24.0,59,2.0,4.0,Both,Molecular,,826,300,34,0.1133333370089531,0.01830199360847473,
PMID27673470-01,PMID27673470-01-06,PMID27673470-01-CAMP-06,Medically attended diarrhea - outpatient,Pre-school age children,24.0,59,2.0,4.0,Both,Molecular,,368,298,35,0.11744966357946396,0.018650371581315994,
PMID27673470-02,PMID27673470-02-01,PMID27673470-02-CAMP-01,Asymptomatic,Pre-school age children,0.0,11,0.0,0.0,Both,Molecular,,685,289,111,0.3840830326080322,0.028610453009605408,
PMID27673470-02,PMID27673470-02-02,PMID27673470-02-CAMP-02,Medically attended diarrhea - outpatient,Pre-school age children,0.0,11,0.0,0.0,Both,Molecular,,672,288,123,0.4270833432674408,0.0291478019207716,
PMID27673470-02,PMID27673470-02-03,PMID27673470-02-CAMP-03,Asymptomatic,Pre-school age children,12.0,23,1.0,1.0,Both,Molecular,,598,299,139,0.4648829400539398,0.02884433977305889,
PMID27673470-02,PMID27673470-02-04,PMID27673470-02-CAMP-04,Medically attended diarrhea - outpatient,Pre-school age children,12.0,23,1.0,1.0,Both,Molecular,,588,299,174,0.5819398164749146,0.028524816036224365,
PMID27673470-02,PMID27673470-02-05,PMID27673470-02-CAMP-05,Asymptomatic,Pre-school age children,24.0,59,2.0,4.0,Both,Molecular,,731,297,133,0.44781145453453064,0.02885446883738041,
PMID27673470-02,PMID27673470-02-06,PMID27673470-02-CAMP-06,Medically attended diarrhea - outpatient,Pre-school age children,24.0,59,2.0,4.0,Both,Molecular,,308,298,145,0.48657718300819397,0.028953783214092255,
PMID27673470-03,PMID27673470-03-01,PMID27673470-03-CAMP-01,Asymptomatic,Pre-school age children,0.0,11,0.0,0.0,Both,Molecular,,673,299,113,0.37792640924453735,0.028040703386068344,
PMID27673470-03,PMID27673470-03-02,PMID27673470-03-CAMP-02,Medically attended diarrhea - outpatient,Pre-school age children,0.0,11,0.0,0.0,Both,Molecular,,673,311,128,0.4115755558013916,0.027905508875846863,
PMID27673470-03,PMID27673470-03-03,PMID27673470-03-CAMP-03,Asymptomatic,Pre-school age children,12.0,23,1.0,1.0,Both,Molecular,,621,299,110,0.3678929805755615,0.02788819931447506,
PMID27673470-03,PMID27673470-03-04,PMID27673470-03-CAMP-04,Medically attended diarrhea - outpatient,Pre-school age children,12.0,23,1.0,1.0,Both,Molecular,,410,302,129,0.4271523058414459,0.028464756906032562,
PMID27673470-03,PMID27673470-03-05,PMID27673470-03-CAMP-05,Asymptomatic,Pre-school age children,24.0,59,2.0,4.0,Both,Molecular,,589,299,84,0.28093644976615906,0.02599274180829525,
PMID27673470-03,PMID27673470-03-06,PMID27673470-03-CAMP-06,Medically attended diarrhea - outpatient,Pre-school age children,24.0,59,2.0,4.0,Both,Molecular,,393,303,98,0.3234323561191559,0.02687361091375351,
PMID27673470-04,PMID27673470-04-01,PMID27673470-04-CAMP-01,Asymptomatic,Pre-school age children,0.0,11,0.0,0.0,Both,Molecular,,727,298,117,0.39261746406555176,0.02828836441040039,
PMID27673470-04,PMID27673470-04-02,PMID27673470-04-CAMP-02,Medically attended diarrhea - outpatient,Pre-school age children,0.0,11,0.0,0.0,Both,Molecular,,727,304,131,0.4309210479259491,0.02840196155011654,
PMID27673470-04,PMID27673470-04-03,PMID27673470-04-CAMP-03,Asymptomatic,Pre-school age children,12.0,23,1.0,1.0,Both,Molecular,,695,300,181,0.6033333539962769,0.028244303539395332,
PMID27673470-04,PMID27673470-04-04,PMID27673470-04-CAMP-04,Medically attended diarrhea - outpatient,Pre-school age children,12.0,23,1.0,1.0,Both,Molecular,,682,303,174,0.5742574334144592,0.028405701741576195,
PMID27673470-04,PMID27673470-04-05,PMID27673470-04-CAMP-05,Asymptomatic,Pre-school age children,24.0,59,2.0,4.0,Both,Molecular,,642,283,141,0.49823322892189026,0.029721729457378387,
PMID27673470-04,PMID27673470-04-06,PMID27673470-04-CAMP-06,Medically attended diarrhea - outpatient,Pre-school age children,24.0,59,2.0,4.0,Both,Molecular,,624,282,155,0.5496453642845154,0.02962743490934372,
PMID27673470-05,PMID27673470-05-01,PMID27673470-05-CAMP-01,Asymptomatic,Pre-school age children,0.0,11,0.0,0.0,Both,Molecular,,696,266,126,0.4736842215061188,0.030614476650953293,
PMID27673470-05,PMID27673470-05-02,PMID27673470-05-CAMP-02,Medically attended diarrhea - outpatient,Pre-school age children,0.0,11,0.0,0.0,Both,Molecular,,374,265,124,0.4679245352745056,0.03065148927271366,
PMID27673470-05,PMID27673470-05-03,PMID27673470-05-CAMP-03,Asymptomatic,Pre-school age children,12.0,23,1.0,1.0,Both,Molecular,,391,159,70,0.44025155901908875,0.03936845064163208,
PMID27673470-05,PMID27673470-05-04,PMID27673470-05-CAMP-04,Medically attended diarrhea - outpatient,Pre-school age children,12.0,23,1.0,1.0,Both,Molecular,,195,159,77,0.48427674174308777,0.03963296860456467,
PMID27673470-05,PMID27673470-05-05,PMID27673470-05-CAMP-05,Asymptomatic,Pre-school age children,24.0,59,2.0,4.0,Both,Molecular,,208,95,38,0.4000000059604645,0.05026246979832649,
PMID27673470-05,PMID27673470-05-06,PMID27673470-05-CAMP-06,Medically attended diarrhea - outpatient,Pre-school age children,24.0,59,2.0,4.0,Both,Molecular,,112,95,27,0.28421053290367126,0.04627548158168793,
PMID27673470-06,PMID27673470-06-01,PMID27673470-06-CAMP-01,Asymptomatic,Pre-school age children,0.0,11,0.0,0.0,Both,Molecular,,633,296,132,0.44594594836235046,0.028891582041978836,
PMID27673470-06,PMID27673470-06-02,PMID27673470-06-CAMP-02,Medically attended diarrhea - outpatient,Pre-school age children,0.0,11,0.0,0.0,Both,Molecular,,633,304,169,0.5559210777282715,0.02849704772233963,
PMID27673470-06,PMID27673470-06-03,PMID27673470-06-CAMP-03,Asymptomatic,Pre-school age children,12.0,23,1.0,1.0,Both,Molecular,,676,289,219,0.757785439491272,0.025201380252838135,
PMID27673470-06,PMID27673470-06-04,PMID27673470-06-CAMP-04,Medically attended diarrhea - outpatient,Pre-school age children,12.0,23,1.0,1.0,Both,Molecular,,399,292,206,0.7054794430732727,0.026675254106521606,
PMID27673470-06,PMID27673470-06-05,PMID27673470-06-CAMP-05,Asymptomatic,Pre-school age children,24.0,59,2.0,4.0,Both,Molecular,,529,222,153,0.6891891956329346,0.031062813475728035,
PMID27673470-06,PMID27673470-06-06,PMID27673470-06-CAMP-06,Medically attended diarrhea - outpatient,Pre-school age children,24.0,59,2.0,4.0,Both,Molecular,,226,224,144,0.6428571343421936,0.03201505169272423,
PMID27673470-07,PMID27673470-07-01,PMID27673470-07-CAMP-01,Asymptomatic,Pre-school age children,0.0,11,0.0,0.0,Both,Molecular,,585,286,161,0.5629370808601379,0.029330460354685783,
PMID27673470-07,PMID27673470-07-02,PMID27673470-07-CAMP-02,Medically attended diarrhea - outpatient,Pre-school age children,0.0,11,0.0,0.0,Both,Molecular,,400,288,135,0.46875,0.029405182227492332,
PMID27673470-07,PMID27673470-07-03,PMID27673470-07-CAMP-03,Asymptomatic,Pre-school age children,12.0,23,1.0,1.0,Both,Molecular,,639,301,179,0.594684362411499,0.028298061341047287,
PMID27673470-07,PMID27673470-07-04,PMID27673470-07-CAMP-04,Medically attended diarrhea - outpatient,Pre-school age children,12.0,23,1.0,1.0,Both,Molecular,,455,307,162,0.5276873111724854,0.028492722660303116,
PMID27673470-07,PMID27673470-07-05,PMID27673470-07-CAMP-05,Asymptomatic,Pre-school age children,24.0,59,2.0,4.0,Both,Molecular,,345,164,80,0.4878048896789551,0.039031825959682465,
PMID27673470-07,PMID27673470-07-06,PMID27673470-07-CAMP-06,Medically attended diarrhea - outpatient,Pre-school age children,24.0,59,2.0,4.0,Both,Molecular,,174,163,70,0.42944785952568054,0.03877118602395058,
PMID28541454-01,PMID28541454-01-01,PMID28541454-01-CAMP-01,Asymptomatic,Pre-school age children,1.0,11,0.0,0.0,Both,Molecular,,296,285,11,0.038596492260694504,0.011410491541028023,
PMID28541454-01,PMID28541454-01-02,PMID28541454-01-CAMP-02,Medically attended diarrhea - outpatient,Pre-school age children,1.0,11,0.0,0.0,Both,Molecular,,505,485,31,0.06391752511262894,0.011106984689831734,
PMID28541454-01,PMID28541454-01-03,PMID28541454-01-CAMP-03,Asymptomatic,Pre-school age children,12.0,23,1.0,1.0,Both,Molecular,,276,272,15,0.05514705926179886,0.013840724714100361,
PMID28541454-01,PMID28541454-01-04,PMID28541454-01-CAMP-04,Medically attended diarrhea - outpatient,Pre-school age children,12.0,23,1.0,1.0,Both,Molecular,,226,216,8,0.03703703731298447,0.012849790044128895,
PMID28575304-01,PMID28575304-01-01,PMID28575304-01-CAMP-01,Medically attended diarrhea - outpatient,Pre-school age children,2.0,11,0.0,0.0,Both,Molecular,,147,147,47,0.31972789764404297,0.03846563771367073,
PMID28575304-01,PMID28575304-01-02,PMID28575304-01-CAMP-02,Medically attended diarrhea - outpatient,Pre-school age children,12.0,23,1.0,1.0,Both,Molecular,,80,80,21,0.26249998807907104,0.049192700535058975,
PMID28575304-01,PMID28575304-01-03,PMID28575304-01-CAMP-03,Medically attended diarrhea - outpatient,Pre-school age children,26.0,59,2.0,4.0,Both,Molecular,,6,6,5,0.8333333134651184,0.1521451622247696,
PMID28885460-01,PMID28885460-01-01,PMID28885460-01-CAMP-01,Asymptomatic,Pre-school age children,0.5,11,0.5,11.630390167236328,Both,Molecular,,49,49,3,0.06122449040412903,0.03424880653619766,
PMID28885460-01,PMID28885460-01-02,PMID28885460-01-CAMP-02,Asymptomatic,Pre-school age children,12.418890953063965,23,12.418890953063965,22.702259063720703,Both,Molecular,,26,26,1,0.03846153989434242,0.0377146415412426,
PMID28885460-01,PMID28885460-01-03,PMID28885460-01-CAMP-03,Asymptomatic,Pre-school age children,24.213552474975586,59,24.213552474975586,58.5,Both,Molecular,,21,21,1,0.0476190485060215,0.046471431851387024,
PMID28885460-01,PMID28885460-01-04,PMID28885460-01-CAMP-04,Medically attended diarrhea - outpatient,Pre-school age children,0.19712525606155396,11,0.19712525606155396,11.663244247436523,Both,Molecular,,45,45,5,0.1111111119389534,0.04684855788946152,
PMID28885460-01,PMID28885460-01-05,PMID28885460-01-CAMP-05,Medically attended diarrhea - outpatient,Pre-school age children,12.12320327758789,23,12.12320327758789,23.457904815673828,Both,Molecular,,32,32,3,0.09375,0.05152697488665581,
PMID28885460-01,PMID28885460-01-06,PMID28885460-01-CAMP-06,Medically attended diarrhea - outpatient,Pre-school age children,24.24640655517578,59,24.24640655517578,53.19096374511719,Both,Molecular,,21,21,6,0.2857142984867096,0.09858079254627228,
PMID30287127-01,PMID30287127-01-01,PMID30287127-01-CAMP-01,Asymptomatic,Pre-school age children,0.0,11,0.0,0.0,Both,Molecular,,210,419,107,0.2553699314594269,0.021303363144397736,
PMID30287127-01,PMID30287127-01-02,PMID30287127-01-CAMP-02,Community detected diarrhea,Pre-school age children,0.0,11,0.0,0.0,Both,Molecular,,190,307,100,0.32573288679122925,0.02674715593457222,
PMID30287127-01,PMID30287127-01-03,PMID30287127-01-CAMP-03,Asymptomatic,Pre-school age children,12.0,23,1.0,1.0,Both,Molecular,,210,416,206,0.4951923191547394,0.024513384327292442,
PMID30287127-01,PMID30287127-01-04,PMID30287127-01-CAMP-04,Community detected diarrhea,Pre-school age children,12.0,23,1.0,1.0,Both,Molecular,,181,298,157,0.5268456339836121,0.028922444209456444,
PMID30287127-01,PMID30287127-01-05,PMID30287127-01-CAMP-05,Asymptomatic,Pre-school age children,24.0,59,2.0,4.0,Both,Molecular,,136,168,63,0.375,0.03735089302062988,
PMID30287127-01,PMID30287127-01-06,PMID30287127-01-CAMP-06,Community detected diarrhea,Pre-school age children,24.0,59,2.0,4.0,Both,Molecular,,13,13,7,0.5384615659713745,0.13826416432857513,
PMID30287127-02,PMID30287127-02-01,PMID30287127-02-CAMP-01,Asymptomatic,Pre-school age children,0.0,11,0.0,0.0,Both,Molecular,,165,324,36,0.1111111119389534,0.017459426075220108,
PMID30287127-02,PMID30287127-02-02,PMID30287127-02-CAMP-02,Community detected diarrhea,Pre-school age children,0.0,11,0.0,0.0,Both,Molecular,,25,24,7,0.2916666567325592,0.09278047829866409,
PMID30287127-02,PMID30287127-02-03,PMID30287127-02-CAMP-03,Asymptomatic,Pre-school age children,12.0,23,1.0,1.0,Both,Molecular,,165,319,61,0.19122256338596344,0.02201855182647705,
PMID30287127-02,PMID30287127-02-04,PMID30287127-02-CAMP-04,Community detected diarrhea,Pre-school age children,12.0,23,1.0,1.0,Both,Molecular,,52,53,8,0.15094339847564697,0.04917421564459801,
PMID30287127-02,PMID30287127-02-05,PMID30287127-02-CAMP-05,Asymptomatic,Pre-school age children,24.0,59,2.0,4.0,Both,Molecular,,97,92,22,0.239130437374115,0.04447117820382118,
PMID30287127-02,PMID30287127-02-06,PMID30287127-02-CAMP-06,Community detected diarrhea,Pre-school age children,24.0,59,2.0,4.0,Both,Molecular,,6,6,2,0.3333333432674408,0.19245009124279022,
PMID30287127-03,PMID30287127-03-01,PMID30287127-03-CAMP-01,Asymptomatic,Pre-school age children,0.0,11,0.0,0.0,Both,Molecular,,227,451,103,0.22838138043880463,0.019767120480537415,
PMID30287127-03,PMID30287127-03-02,PMID30287127-03-CAMP-02,Community detected diarrhea,Pre-school age children,0.0,11,0.0,0.0,Both,Molecular,,165,237,60,0.2531645596027374,0.028244880959391594,
PMID30287127-03,PMID30287127-03-03,PMID30287127-03-CAMP-03,Asymptomatic,Pre-school age children,12.0,23,1.0,1.0,Both,Molecular,,227,440,103,0.2340909093618393,0.020186198875308037,
PMID30287127-03,PMID30287127-03-04,PMID30287127-03-CAMP-04,Community detected diarrhea,Pre-school age children,12.0,23,1.0,1.0,Both,Molecular,,134,154,35,0.22727273404598236,0.033769641071558,
PMID30287127-03,PMID30287127-03-05,PMID30287127-03-CAMP-05,Asymptomatic,Pre-school age children,24.0,59,2.0,4.0,Both,Molecular,,144,167,28,0.16766467690467834,0.02890757843852043,
PMID30287127-03,PMID30287127-03-06,PMID30287127-03-CAMP-06,Community detected diarrhea,Pre-school age children,24.0,59,2.0,4.0,Both,Molecular,,7,7,0,0.0,0.0,
PMID30287127-04,PMID30287127-04-01,PMID30287127-04-CAMP-01,Asymptomatic,Pre-school age children,0.0,11,0.0,0.0,Both,Molecular,,227,453,95,0.20971302688121796,0.01912740245461464,
PMID30287127-04,PMID30287127-04-02,PMID30287127-04-CAMP-02,Community detected diarrhea,Pre-school age children,0.0,11,0.0,0.0,Both,Molecular,,182,268,54,0.2014925330877304,0.024502001702785492,
PMID30287127-04,PMID30287127-04-03,PMID30287127-04-CAMP-03,Asymptomatic,Pre-school age children,12.0,23,1.0,1.0,Both,Molecular,,227,452,143,0.3163716793060303,0.021874574944376945,
PMID30287127-04,PMID30287127-04-04,PMID30287127-04-CAMP-04,Community detected diarrhea,Pre-school age children,12.0,23,1.0,1.0,Both,Molecular,,173,245,84,0.34285715222358704,0.030325185507535934,
PMID30287127-04,PMID30287127-04-05,PMID30287127-04-CAMP-05,Asymptomatic,Pre-school age children,24.0,59,2.0,4.0,Both,Molecular,,170,211,33,0.15639810264110565,0.025005945935845375,
PMID30287127-04,PMID30287127-04-06,PMID30287127-04-CAMP-06,Community detected diarrhea,Pre-school age children,24.0,59,2.0,4.0,Both,Molecular,,2,2,1,0.5,0.3535533845424652,
PMID30287127-05,PMID30287127-05-01,PMID30287127-05-CAMP-01,Asymptomatic,Pre-school age children,0.0,11,0.0,0.0,Both,Molecular,,245,488,124,0.2540983557701111,0.019707512110471725,
PMID30287127-05,PMID30287127-05-02,PMID30287127-05-CAMP-02,Community detected diarrhea,Pre-school age children,0.0,11,0.0,0.0,Both,Molecular,,226,390,100,0.25641027092933655,0.022110680118203163,
PMID30287127-05,PMID30287127-05-03,PMID30287127-05-CAMP-03,Asymptomatic,Pre-school age children,12.0,23,1.0,1.0,Both,Molecular,,246,489,192,0.39263802766799927,0.022083379328250885,
PMID30287127-05,PMID30287127-05-04,PMID30287127-05-CAMP-04,Community detected diarrhea,Pre-school age children,12.0,23,1.0,1.0,Both,Molecular,,190,282,99,0.3510638177394867,0.028422972187399864,
PMID30287127-05,PMID30287127-05-05,PMID30287127-05-CAMP-05,Asymptomatic,Pre-school age children,24.0,59,2.0,4.0,Both,Molecular,,92,102,36,0.3529411852359772,0.04731762781739235,
PMID30287127-05,PMID30287127-05-06,PMID30287127-05-CAMP-06,Community detected diarrhea,Pre-school age children,24.0,59,2.0,4.0,Both,Molecular,,7,7,3,0.4285714328289032,0.1870439052581787,
PMID30287127-06,PMID30287127-06-01,PMID30287127-06-CAMP-01,Asymptomatic,Pre-school age children,0.0,11,0.0,0.0,Both,Molecular,,194,388,73,0.18814432621002197,0.019841253757476807,
PMID30287127-06,PMID30287127-06-02,PMID30287127-06-CAMP-02,Community detected diarrhea,Pre-school age children,0.0,11,0.0,0.0,Both,Molecular,,178,296,91,0.3074324429035187,0.02682008035480976,
PMID30287127-06,PMID30287127-06-03,PMID30287127-06-CAMP-03,Asymptomatic,Pre-school age children,12.0,23,1.0,1.0,Both,Molecular,,194,387,117,0.302325576543808,0.02334577776491642,
PMID30287127-06,PMID30287127-06-04,PMID30287127-06-CAMP-04,Community detected diarrhea,Pre-school age children,12.0,23,1.0,1.0,Both,Molecular,,182,312,88,0.28205129504203796,0.025476129725575447,
PMID30287127-06,PMID30287127-06-05,PMID30287127-06-CAMP-05,Asymptomatic,Pre-school age children,24.0,59,2.0,4.0,Both,Molecular,,142,173,38,0.2196531742811203,0.03147672489285469,
PMID30287127-06,PMID30287127-06-06,PMID30287127-06-CAMP-06,Community detected diarrhea,Pre-school age children,24.0,59,2.0,4.0,Both,Molecular,,20,19,7,0.3684210479259491,0.1106647327542305,
PMID30287127-07,PMID30287127-07-01,PMID30287127-07-CAMP-01,Asymptomatic,Pre-school age children,0.0,11,0.0,0.0,Both,Molecular,,237,456,53,0.11622807383537292,0.01500870380550623,
PMID30287127-07,PMID30287127-07-02,PMID30287127-07-CAMP-02,Community detected diarrhea,Pre-school age children,0.0,11,0.0,0.0,Both,Molecular,,54,51,19,0.37254902720451355,0.06770122796297073,
PMID30287127-07,PMID30287127-07-03,PMID30287127-07-CAMP-03,Asymptomatic,Pre-school age children,12.0,23,1.0,1.0,Both,Molecular,,237,442,37,0.08371040970087051,0.013173311948776245,
PMID30287127-07,PMID30287127-07-04,PMID30287127-07-CAMP-04,Community detected diarrhea,Pre-school age children,12.0,23,1.0,1.0,Both,Molecular,,50,53,6,0.11320754885673523,0.0435221903026104,
PMID30287127-07,PMID30287127-07-05,PMID30287127-07-CAMP-05,Asymptomatic,Pre-school age children,24.0,59,2.0,4.0,Both,Molecular,,98,103,9,0.08737864345312119,0.027824627235531807,
PMID30287127-07,PMID30287127-07-06,PMID30287127-07-CAMP-06,Community detected diarrhea,Pre-school age children,24.0,59,2.0,4.0,Both,Molecular,,1,1,0,0.0,0.0,
PMID30287127-08,PMID30287127-08-01,PMID30287127-08-CAMP-01,Asymptomatic,Pre-school age children,0.0,11,0.0,0.0,Both,Molecular,,209,411,179,0.435523122549057,0.024457259103655815,
PMID30287127-08,PMID30287127-08-02,PMID30287127-08-CAMP-02,Community detected diarrhea,Pre-school age children,0.0,11,0.0,0.0,Both,Molecular,,80,95,33,0.34736841917037964,0.048850320279598236,
PMID30287127-08,PMID30287127-08-03,PMID30287127-08-CAMP-03,Asymptomatic,Pre-school age children,12.0,23,1.0,1.0,Both,Molecular,,209,412,240,0.582524299621582,0.024295397102832794,
PMID30287127-08,PMID30287127-08-04,PMID30287127-08-CAMP-04,Community detected diarrhea,Pre-school age children,12.0,23,1.0,1.0,Both,Molecular,,39,39,16,0.41025641560554504,0.07876386493444443,
PMID30287127-08,PMID30287127-08-05,PMID30287127-08-CAMP-05,Asymptomatic,Pre-school age children,24.0,59,2.0,4.0,Both,Molecular,,161,216,96,0.4444444477558136,0.03381003439426422,
PMID31004129-01,PMID31004129-01-01,PMID31004129-01-CAMP-01,Community detected diarrhea,Pre-school age children,0.0,11,0.0,1.0,Both,Molecular,,908,1590,360,0.22641509771347046,0.010495620779693127,
PMID31004129-01,PMID31004129-01-02,PMID31004129-01-CAMP-02,,Pre-school age children,3.0,11,0.0,1.0,Both,Molecular,,106,106,37,0.349056601524353,0.04629846662282944,
PMID31004129-01,PMID31004129-01-03,PMID31004129-01-CAMP-03,Community detected diarrhea,Pre-school age children,12.0,18,1.0,2.0,Both,Molecular,,623,623,189,0.30337077379226685,0.018418051302433014,
PMID31004129-01,PMID31004129-01-04,PMID31004129-01-CAMP-04,,Pre-school age children,12.0,19,1.0,2.0,Both,Molecular,,53,53,23,0.43396225571632385,0.06807862222194672,
PMID31064387-01,PMID31064387-01-01,PMID31064387-01-CAMP-01,Asymptomatic,Pre-school age children,0.0,11,0.0,0.0,Both,Molecular,,4,4,1,0.25,0.21650634706020355,
PMID31064387-01,PMID31064387-01-02,PMID31064387-01-CAMP-02,Asymptomatic,Pre-school age children,12.0,23,1.0,1.0,Both,Molecular,,27,27,9,0.3333333432674408,0.09072184562683105,
PMID31064387-01,PMID31064387-01-03,PMID31064387-01-CAMP-03,Asymptomatic,Pre-school age children,24.0,59,2.0,4.0,Both,Molecular,,189,188,46,0.24468085169792175,0.03135352209210396,
PMID31064387-01,PMID31064387-01-04,PMID31064387-01-CAMP-04,Asymptomatic,School age children,60.0,107,5.0,9.0,Both,Molecular,,233,230,37,0.1608695685863495,0.024226337671279907,
PMID31064387-01,PMID31064387-01-05,PMID31064387-01-CAMP-05,Asymptomatic,Adolescents,120.0,215,10.0,18.0,Both,Molecular,,140,138,41,0.2971014380455017,0.03890085592865944,
PMID31064387-01,PMID31064387-01-06,PMID31064387-01-CAMP-06,Asymptomatic,Adults,240.0,935,20.0,78.0,Both,Molecular,,297,295,38,0.12881356477737427,0.01950407400727272,
PMID31754717-01,PMID31754717-01-01,PMID31754717-01-CAMP-01,Asymptomatic,Pre-school age children,2.0,11,0.0,0.0,Both,Molecular,,26,26,4,0.1538461595773697,0.07075893878936768,
PMID31754717-01,PMID31754717-01-02,PMID31754717-01-CAMP-02,Asymptomatic,Pre-school age children,12.0,18,1.0,1.0,Both,Molecular,,7,7,2,0.2857142984867096,0.17074695229530334,
PMID31754717-02,PMID31754717-02-01,PMID31754717-02-CAMP-01,Asymptomatic,Pre-school age children,1.0,11,0.0,0.0,Both,Molecular,,61,61,6,0.09836065769195557,0.038129597902297974,
PMID31754717-02,PMID31754717-02-02,PMID31754717-02-CAMP-02,Asymptomatic,Pre-school age children,12.0,23,1.0,1.0,Both,Molecular,,39,39,2,0.05128205195069313,0.03531985729932785,
PMID31754717-03,PMID31754717-03-01,PMID31754717-03-CAMP-01,Asymptomatic,Pre-school age children,2.0,11,0.0,0.0,Both,Molecular,,67,67,15,0.2238806039094925,0.05092547833919525,
PMID31754717-03,PMID31754717-03-02,PMID31754717-03-CAMP-02,Asymptomatic,Pre-school age children,12.0,16,1.0,1.0,Both,Molecular,,6,6,2,0.3333333432674408,0.19245009124279022,
PMID31754717-04,PMID31754717-04-01,PMID31754717-04-CAMP-01,Asymptomatic,Pre-school age children,0.0,11,0.0,0.0,Both,Molecular,,91,91,4,0.04395604506134987,0.02148956060409546,
PMID31754717-04,PMID31754717-04-02,PMID31754717-04-CAMP-02,Asymptomatic,Pre-school age children,12.0,23,1.0,1.0,Both,Molecular,,97,97,7,0.07216494530439377,0.026273181661963463,
PMID32592580-01,PMID32592580-01-01,PMID32592580-01-CAMP-01,Asymptomatic,Pre-school age children,0.0,11,0.0,0.0,Both,Molecular,,171,171,33,0.19298245012760162,0.030178826302289963,
PMID32592580-01,PMID32592580-01-02,PMID32592580-01-CAMP-02,Medically attended diarrhea - outpatient,Pre-school age children,0.0,11,0.0,0.0,Both,Molecular,,1055,1055,112,0.10616113990545273,0.0094838822260499,
PMID32592580-01,PMID32592580-01-03,PMID32592580-01-CAMP-03,Asymptomatic,Pre-school age children,12.0,23,1.0,1.0,Both,Molecular,,118,118,35,0.29661017656326294,0.04204845800995827,
PMID32592580-01,PMID32592580-01-04,PMID32592580-01-CAMP-04,Medically attended diarrhea - outpatient,Pre-school age children,12.0,23,1.0,1.0,Both,Molecular,,482,482,48,0.09958506375551224,0.013639389537274837,
PMID32592580-01,PMID32592580-01-05,PMID32592580-01-CAMP-05,Asymptomatic,Pre-school age children,24.0,59,2.0,4.0,Both,Molecular,,33,33,7,0.21212121844291687,0.07116472721099854,
PMID32592580-01,PMID32592580-01-06,PMID32592580-01-CAMP-06,Medically attended diarrhea - outpatient,Pre-school age children,24.0,59,2.0,4.0,Both,Molecular,,140,140,11,0.07857143133878708,0.022740455344319344,
PMID32592580-01,PMID32592580-01-07,PMID32592580-01-CAMP-07,Asymptomatic,School age children,60.0,108,5.0,9.0,Both,Molecular,,15,15,0,0.0,0.0,
PMID32592580-01,PMID32592580-01-08,PMID32592580-01-CAMP-08,Medically attended diarrhea - outpatient,School age children,60.0,108,5.0,9.0,Both,Molecular,,75,75,6,0.07999999821186066,0.03132624179124832,
PMID32592580-01,PMID32592580-01-09,PMID32592580-01-CAMP-09,Asymptomatic,Adolescents,120.0,228,10.0,19.0,Both,Molecular,,34,34,2,0.05882352963089943,0.040352609008550644,
PMID32592580-01,PMID32592580-01-10,PMID32592580-01-CAMP-10,Medically attended diarrhea - outpatient,Adolescents,120.0,228,10.0,19.0,Both,Molecular,,203,203,36,0.17733989655971527,0.026808062568306923,
PMID32592580-01,PMID32592580-01-11,PMID32592580-01-CAMP-11,Asymptomatic,Adults,240.0,1056,20.0,88.0,Both,Molecular,,248,248,18,0.07258064299821854,0.016474895179271698,
PMID32592580-01,PMID32592580-01-12,PMID32592580-01-CAMP-12,Medically attended diarrhea - outpatient,Adults,240.0,1140,20.0,95.0,Both,Molecular,,1711,1711,69,0.040327295660972595,0.0047559370286762714,
PMID32592580-02,PMID32592580-02-01,PMID32592580-02-CAMP-01,Asymptomatic,Pre-school age children,0.0,11,0.0,0.0,Both,Molecular,,33,33,1,0.03030303120613098,0.029840361326932907,
PMID32592580-02,PMID32592580-02-02,PMID32592580-02-CAMP-02,Medically attended diarrhea - outpatient,Pre-school age children,0.0,11,0.0,0.0,Both,Molecular,,47,47,6,0.12765957415103912,0.04867665842175484,
PMID32592580-02,PMID32592580-02-03,PMID32592580-02-CAMP-03,Asymptomatic,Pre-school age children,12.0,23,1.0,1.0,Both,Molecular,,13,13,1,0.07692307978868484,0.07390530407428741,
PMID32592580-02,PMID32592580-02-04,PMID32592580-02-CAMP-04,Medically attended diarrhea - outpatient,Pre-school age children,12.0,23,1.0,1.0,Both,Molecular,,25,25,0,0.0,0.0,
PMID32592580-02,PMID32592580-02-05,PMID32592580-02-CAMP-05,Asymptomatic,Pre-school age children,24.0,59,2.0,2.0,Both,Molecular,,1,1,0,0.0,0.0,
PMID32592580-02,PMID32592580-02-06,PMID32592580-02-CAMP-06,Medically attended diarrhea - outpatient,Pre-school age children,24.0,59,2.0,4.0,Both,Molecular,,6,6,0,0.0,0.0,
PMID32592580-02,PMID32592580-02-07,PMID32592580-02-CAMP-07,Asymptomatic,School age children,60.0,72,5.0,6.0,Both,Molecular,,2,2,1,0.5,0.3535533845424652,
PMID32592580-02,PMID32592580-02-08,PMID32592580-02-CAMP-08,Medically attended diarrhea - outpatient,School age children,60.0,108,5.0,9.0,Both,Molecular,,6,6,0,0.0,0.0,
PMID32592580-02,PMID32592580-02-09,PMID32592580-02-CAMP-09,Asymptomatic,Adolescents,192.0,192,16.0,16.0,Both,Molecular,,1,1,0,0.0,0.0,
PMID32592580-02,PMID32592580-02-10,PMID32592580-02-CAMP-10,Medically attended diarrhea - outpatient,Adolescents,120.0,228,10.0,19.0,Both,Molecular,,19,19,0,0.0,0.0,
PMID32592580-02,PMID32592580-02-11,PMID32592580-02-CAMP-11,Asymptomatic,Adults,252.0,780,21.0,65.0,Both,Molecular,,20,20,0,0.0,0.0,
PMID32592580-02,PMID32592580-02-12,PMID32592580-02-CAMP-12,Medically attended diarrhea - outpatient,Adults,240.0,1020,20.0,85.0,Both,Molecular,,216,216,5,0.023148147389292717,0.010231648571789265,
PMID32592580-03,PMID32592580-03-02,PMID32592580-03-CAMP-02,Medically attended diarrhea - outpatient,Pre-school age children,0.0,11,0.0,0.0,Both,Molecular,,46,46,3,0.06521739065647125,0.03640475496649742,
PMID32592580-03,PMID32592580-03-04,PMID32592580-03-CAMP-04,Medically attended diarrhea - outpatient,Pre-school age children,12.0,23,1.0,1.0,Both,Molecular,,34,34,0,0.0,0.0,
PMID32592580-03,PMID32592580-03-06,PMID32592580-03-CAMP-06,Medically attended diarrhea - outpatient,Pre-school age children,24.0,59,2.0,4.0,Both,Molecular,,26,26,0,0.0,0.0,
PMID32592580-03,PMID32592580-03-08,PMID32592580-03-CAMP-08,Medically attended diarrhea - outpatient,School age children,60.0,108,5.0,9.0,Both,Molecular,,33,33,0,0.0,0.0,
PMID32592580-03,PMID32592580-03-10,PMID32592580-03-CAMP-10,Medically attended diarrhea - outpatient,Adolescents,120.0,228,10.0,19.0,Both,Molecular,,43,43,3,0.06976744532585144,0.03884972631931305,
PMID32592580-03,PMID32592580-03-12,PMID32592580-03-CAMP-12,Medically attended diarrhea - outpatient,Adults,240.0,1020,20.0,85.0,Both,Molecular,,345,345,5,0.014492753893136978,0.00643421895802021,
PMID32592580-04,PMID32592580-04-01,PMID32592580-04-CAMP-01,Asymptomatic,Pre-school age children,0.0,11,0.0,0.0,Both,Molecular,,5,5,1,0.20000000298023224,0.17888544499874115,
PMID32592580-04,PMID32592580-04-02,PMID32592580-04-CAMP-02,Medically attended diarrhea - outpatient,Pre-school age children,0.0,11,0.0,0.0,Both,Molecular,,44,44,1,0.022727273404598236,0.02246752381324768,
PMID32592580-04,PMID32592580-04-03,PMID32592580-04-CAMP-03,Asymptomatic,Pre-school age children,12.0,23,1.0,1.0,Both,Molecular,,4,4,0,0.0,0.0,
PMID32592580-04,PMID32592580-04-04,PMID32592580-04-CAMP-04,Medically attended diarrhea - outpatient,Pre-school age children,12.0,23,1.0,1.0,Both,Molecular,,48,48,1,0.02083333395421505,0.02061517722904682,
PMID32592580-04,PMID32592580-04-05,PMID32592580-04-CAMP-05,Asymptomatic,Pre-school age children,24.0,59,3.0,3.0,Both,Molecular,,1,1,0,0.0,0.0,
PMID32592580-04,PMID32592580-04-06,PMID32592580-04-CAMP-06,Medically attended diarrhea - outpatient,Pre-school age children,24.0,59,2.0,4.0,Both,Molecular,,16,16,0,0.0,0.0,
PMID32592580-04,PMID32592580-04-08,PMID32592580-04-CAMP-08,Medically attended diarrhea - outpatient,School age children,60.0,108,5.0,9.0,Both,Molecular,,5,5,0,0.0,0.0,
PMID32592580-04,PMID32592580-04-09,PMID32592580-04-CAMP-09,Asymptomatic,Adolescents,192.0,192,16.0,16.0,Both,Molecular,,1,1,0,0.0,0.0,
PMID32592580-04,PMID32592580-04-10,PMID32592580-04-CAMP-10,Medically attended diarrhea - outpatient,Adolescents,120.0,228,10.0,19.0,Both,Molecular,,17,17,2,0.11764705926179886,0.07814248651266098,
PMID32592580-04,PMID32592580-04-11,PMID32592580-04-CAMP-11,Asymptomatic,Adults,360.0,720,30.0,60.0,Both,Molecular,,7,7,0,0.0,0.0,
PMID32592580-04,PMID32592580-04-12,PMID32592580-04-CAMP-12,Medically attended diarrhea - outpatient,Adults,240.0,960,20.0,80.0,Both,Molecular,,186,186,4,0.02150537632405758,0.010636439546942711,
PMID32592580-05,PMID32592580-05-02,PMID32592580-05-CAMP-02,Medically attended diarrhea - outpatient,Pre-school age children,0.0,11,0.0,0.0,Both,Molecular,,26,26,2,0.07692307978868484,0.052258942276239395,
PMID32592580-05,PMID32592580-05-03,PMID32592580-05-CAMP-03,Asymptomatic,Pre-school age children,12.0,23,1.0,1.0,Both,Molecular,,1,1,1,1.0,0.0,
PMID32592580-05,PMID32592580-05-04,PMID32592580-05-CAMP-04,Medically attended diarrhea - outpatient,Pre-school age children,12.0,23,1.0,1.0,Both,Molecular,,18,18,0,0.0,0.0,
PMID32592580-05,PMID32592580-05-06,PMID32592580-05-CAMP-06,Medically attended diarrhea - outpatient,Pre-school age children,24.0,59,2.0,2.0,Both,Molecular,,3,3,0,0.0,0.0,
PMID32592580-05,PMID32592580-05-08,PMID32592580-05-CAMP-08,Medically attended diarrhea - outpatient,School age children,84.0,108,7.0,9.0,Both,Molecular,,2,2,0,0.0,0.0,
PMID32592580-05,PMID32592580-05-10,PMID32592580-05-CAMP-10,Medically attended diarrhea - outpatient,Adolescents,120.0,216,10.0,18.0,Both,Molecular,,4,4,0,0.0,0.0,
PMID32592580-05,PMID32592580-05-12,PMID32592580-05-CAMP-12,Medically attended diarrhea - outpatient,Adults,240.0,1080,20.0,90.0,Both,Molecular,,48,48,2,0.0416666679084301,0.028842443600296974,
PMID32592580-06,PMID32592580-06-01,PMID32592580-06-CAMP-01,Asymptomatic,Pre-school age children,0.0,11,0.0,0.0,Both,Molecular,,1,1,0,0.0,0.0,
PMID32592580-06,PMID32592580-06-02,PMID32592580-06-CAMP-02,Medically attended diarrhea - outpatient,Pre-school age children,0.0,11,0.0,0.0,Both,Molecular,,143,143,1,0.00699300691485405,0.006968513131141663,
PMID32592580-06,PMID32592580-06-04,PMID32592580-06-CAMP-04,Medically attended diarrhea - outpatient,Pre-school age children,12.0,23,1.0,1.0,Both,Molecular,,68,68,3,0.04411764815449715,0.024903129786252975,
PMID32592580-06,PMID32592580-06-06,PMID32592580-06-CAMP-06,Medically attended diarrhea - outpatient,Pre-school age children,24.0,59,2.0,4.0,Both,Molecular,,18,18,1,0.0555555559694767,0.05399029701948166,
PMID32592580-06,PMID32592580-06-08,PMID32592580-06-CAMP-08,Medically attended diarrhea - outpatient,School age children,72.0,84,6.0,7.0,Both,Molecular,,2,2,0,0.0,0.0,
PMID32592580-06,PMID32592580-06-10,PMID32592580-06-CAMP-10,Medically attended diarrhea - outpatient,Adolescents,120.0,228,10.0,19.0,Both,Molecular,,11,11,0,0.0,0.0,
PMID32592580-06,PMID32592580-06-12,PMID32592580-06-CAMP-12,Medically attended diarrhea - outpatient,Adults,240.0,960,20.0,80.0,Both,Molecular,,56,56,0,0.0,0.0,
PMID32592580-07,PMID32592580-07-02,PMID32592580-07-CAMP-02,Medically attended diarrhea - outpatient,Pre-school age children,0.0,11,0.0,0.0,Both,Molecular,,77,77,0,0.0,0.0,
PMID32592580-07,PMID32592580-07-03,PMID32592580-07-CAMP-03,Asymptomatic,Pre-school age children,12.0,23,1.0,1.0,Both,Molecular,,2,2,0,0.0,0.0,
PMID32592580-07,PMID32592580-07-04,PMID32592580-07-CAMP-04,Medically attended diarrhea - outpatient,Pre-school age children,12.0,23,1.0,1.0,Both,Molecular,,81,81,1,0.012345679104328156,0.012269234284758568,
PMID32592580-07,PMID32592580-07-06,PMID32592580-07-CAMP-06,Medically attended diarrhea - outpatient,Pre-school age children,24.0,59,2.0,3.0,Both,Molecular,,34,34,0,0.0,0.0,
PMID32592580-07,PMID32592580-07-08,PMID32592580-07-CAMP-08,Medically attended diarrhea - outpatient,School age children,60.0,96,5.0,8.0,Both,Molecular,,6,6,0,0.0,0.0,
PMID32592580-07,PMID32592580-07-10,PMID32592580-07-CAMP-10,Medically attended diarrhea - outpatient,Adolescents,120.0,228,10.0,19.0,Both,Molecular,,8,8,0,0.0,0.0,
PMID32592580-07,PMID32592580-07-12,PMID32592580-07-CAMP-12,Medically attended diarrhea - outpatient,Adults,240.0,960,20.0,80.0,Both,Molecular,,83,83,1,0.012048192322254181,0.011975392699241638,
PMID34524885-01,PMID34524885-01-01,PMID34524885-01-CAMP-01,Medically attended diarrhea - outpatient,Pre-school age children,0.0,11,0.0,0.0,Both,Molecular,,32,32,5,0.15625,0.06418623775243759,
PMID34524885-01,PMID34524885-01-02,PMID34524885-01-CAMP-02,Medically attended diarrhea - outpatient,Pre-school age children,12.0,23,1.0,1.0,Both,Molecular,,20,20,5,0.25,0.09682458639144897,
PMID34524885-01,PMID34524885-01-03,PMID34524885-01-CAMP-03,Medically attended diarrhea - outpatient,Pre-school age children,24.0,59,2.0,4.0,Both,Molecular,,61,61,7,0.1147540956735611,0.0408085472881794,
PMID34524885-01,PMID34524885-01-04,PMID34524885-01-CAMP-04,Medically attended diarrhea - outpatient,School age children,60.0,108,5.0,9.0,Both,Molecular,,42,42,10,0.2380952388048172,0.06572052836418152,
PMID34524885-01,PMID34524885-01-05,PMID34524885-01-CAMP-05,Medically attended diarrhea - outpatient,Adolescents,120.0,204,10.0,17.0,Both,Molecular,,44,44,8,0.1818181872367859,0.05814564973115921,
PMID34524885-02,PMID34524885-02-01,PMID34524885-02-CAMP-01,Medically attended diarrhea - outpatient,Pre-school age children,0.0,11,0.0,0.0,Both,Molecular,,8,8,8,1.0,0.0,
PMID34524885-02,PMID34524885-02-02,PMID34524885-02-CAMP-02,Medically attended diarrhea - outpatient,Pre-school age children,12.0,23,1.0,1.0,Both,Molecular,,34,34,23,0.6764705777168274,0.0802309438586235,
PMID34524885-02,PMID34524885-02-03,PMID34524885-02-CAMP-03,Medically attended diarrhea - outpatient,Pre-school age children,24.0,59,2.0,4.0,Both,Molecular,,51,51,22,0.4313725531101227,0.06935137510299683,
PMID34524885-02,PMID34524885-02-04,PMID34524885-02-CAMP-04,Medically attended diarrhea - outpatient,School age children,60.0,108,5.0,9.0,Both,Molecular,,34,34,16,0.47058823704719543,0.08560080826282501,
PMID34524885-02,PMID34524885-02-05,PMID34524885-02-CAMP-05,Medically attended diarrhea - outpatient,Adolescents,120.0,204,10.0,17.0,Both,Molecular,,12,12,6,0.5,0.14433756470680237,
PMID34587158-01,PMID34587158-01-01,PMID34587158-01-CAMP-01,Asymptomatic,Pre-school age children,1.0,11,0.0,1.0,Both,Molecular,,83,81,44,0.5432098507881165,0.055347710847854614,
PMID34587158-01,PMID34587158-01-02,PMID34587158-01-CAMP-02,Medically attended diarrhea - outpatient,Pre-school age children,0.0,11,0.0,1.0,Both,Molecular,,84,84,39,0.4642857015132904,0.05441512539982796,
PMID34587158-01,PMID34587158-01-03,PMID34587158-01-CAMP-03,Asymptomatic,Pre-school age children,12.0,23,1.0,2.0,Both,Molecular,,56,56,31,0.5535714030265808,0.06643069535493851,
PMID34587158-01,PMID34587158-01-04,PMID34587158-01-CAMP-04,Medically attended diarrhea - outpatient,Pre-school age children,12.0,23,1.0,2.0,Both,Molecular,,90,90,49,0.5444444417953491,0.05249599739909172,
PMID34587158-01,PMID34587158-01-05,PMID34587158-01-CAMP-05,Asymptomatic,Pre-school age children,24.0,59,2.0,5.0,Both,Molecular,,61,59,31,0.5254237055778503,0.06501024961471558,
PMID34587158-01,PMID34587158-01-06,PMID34587158-01-CAMP-06,Medically attended diarrhea - outpatient,Pre-school age children,24.0,54,2.0,5.0,Both,Molecular,,55,54,31,0.5740740895271301,0.06729055941104889,
PMID35802561-01,PMID35802561-01-01,PMID35802561-01-CAMP-01,Asymptomatic,Pre-school age children,6.0,11,0.0,0.0,Both,Molecular,,19,19,2,0.10526315867900848,0.07040590047836304,
PMID35802561-01,PMID35802561-01-02,PMID35802561-01-CAMP-02,Asymptomatic,Pre-school age children,12.0,23,1.0,1.0,Both,Molecular,,41,41,7,0.17073170840740204,0.05876418203115463,
PMID35802561-01,PMID35802561-01-03,PMID35802561-01-CAMP-03,Asymptomatic,Pre-school age children,24.0,59,2.0,4.0,Both,Molecular,,31,31,1,0.032258063554763794,0.03173350915312767,
PMID35802561-02,PMID35802561-02-01,PMID35802561-02-CAMP-01,Asymptomatic,Pre-school age children,7.0,11,0.0,0.0,Both,Molecular,,11,11,3,0.27272728085517883,0.13428162038326263,
PMID35802561-02,PMID35802561-02-02,PMID35802561-02-CAMP-02,Asymptomatic,Pre-school age children,12.0,23,1.0,1.0,Both,Molecular,,55,55,10,0.1818181872367859,0.052007049322128296,
PMID35802561-02,PMID35802561-02-03,PMID35802561-02-CAMP-03,Asymptomatic,Pre-school age children,24.0,59,2.0,4.0,Both,Molecular,,107,107,8,0.07476635277271271,0.02542652003467083,
PMID35915480-01,PMID35915480-01-01,PMID35915480-01-CAMP-01,Medically attended diarrhea - inpatient,Pre-school age children,0.0,11,0.0,0.0,Both,Molecular,,122,122,11,0.0901639312505722,0.02593092992901802,
PMID35915480-01,PMID35915480-01-02,PMID35915480-01-CAMP-02,Medically attended diarrhea - inpatient,Pre-school age children,12.0,23,1.0,1.0,Both,Molecular,,63,63,6,0.095238097012043,0.03698300942778587,
PMID35915480-01,PMID35915480-01-03,PMID35915480-01-CAMP-03,Medically attended diarrhea - inpatient,Pre-school age children,24.0,57,2.0,4.0,Both,Molecular,,29,29,0,0.0,0.0,
PMID35915480-01,PMID35915480-01-04,PMID35915480-01-CAMP-04,Medically attended diarrhea - inpatient,School age children,63.0,116,5.0,9.0,Both,Molecular,,15,15,0,0.0,0.0,
PMID35915480-01,PMID35915480-01-05,PMID35915480-01-CAMP-05,Medically attended diarrhea - inpatient,Adolescents,123.0,153,10.0,13.0,Both,Molecular,,4,4,1,0.25,0.21650634706020355,
PMID35915480-02,PMID35915480-02-01,PMID35915480-02-CAMP-01,Medically attended diarrhea - inpatient,Pre-school age children,1.0,11,0.0,0.0,Both,Molecular,,185,185,21,0.1135135143995285,0.023322440683841705,
PMID35915480-02,PMID35915480-02-02,PMID35915480-02-CAMP-02,Medically attended diarrhea - inpatient,Pre-school age children,12.0,23,1.0,1.0,Both,Molecular,,152,152,13,0.08552631735801697,0.02268368937075138,
PMID35915480-02,PMID35915480-02-03,PMID35915480-02-CAMP-03,Medically attended diarrhea - inpatient,Pre-school age children,24.0,55,2.0,4.0,Both,Molecular,,75,75,6,0.07999999821186066,0.03132624179124832,
PMID35915480-02,PMID35915480-02-04,PMID35915480-02-CAMP-04,Medically attended diarrhea - inpatient,School age children,61.0,119,5.0,9.0,Both,Molecular,,32,32,2,0.0625,0.04279082641005516,
PMID35915480-02,PMID35915480-02-05,PMID35915480-02-CAMP-05,Medically attended diarrhea - inpatient,Adolescents,122.0,154,10.0,13.0,Both,Molecular,,13,13,4,0.3076923191547394,0.12800773978233337,
