SITE_ID,EST_ID,ETEC_EST_ID,ETEC_SYNDROME,ETEC_AGE_GROUP,ETEC_AGE_LB_MON,ETEC_AGE_UB_MON,ETEC_AGE_LB_YR,ETEC_AGE_UB_YR,ETEC_SEX,ETEC_DX,ETEC_STRAIN,ETEC_SUBJECTS,ETEC_SAMPLES,ETEC_CASES,ETEC_PREV,ETEC_SE,ETEC_NOTES
GREY00000001-01,GREY00000001-01-01,GREY00000001-01-ETEC-01,Medically attended diarrhea - inpatient,Pre-school age children,1.0,11,0.0,1.0,Both,Molecular,,64,59,19,0.32203391194343567,0.06083153560757637,
GREY00000001-01,GREY00000001-01-02,GREY00000001-01-ETEC-02,Medically attended diarrhea - inpatient,Pre-school age children,12.0,23,1.0,2.0,Both,Molecular,,59,54,31,0.5740740895271301,0.06729055941104889,
GREY00000001-01,GREY00000001-01-03,GREY00000001-01-ETEC-03,Medically attended diarrhea - inpatient,Pre-school age children,24.0,58,2.0,5.0,Both,Molecular,,67,54,18,0.3333333432674408,0.06415002793073654,
PMID27080387-01,PMID27080387-01-01,PMID27080387-01-ETEC-01,Asymptomatic,Pre-school age children,0.0,11,0.0,0.0,Both,Molecular,,56,56,22,0.3928571343421936,0.06526325643062592,
PMID27080387-01,PMID27080387-01-02,PMID27080387-01-ETEC-02,Medically attended diarrhea - outpatient,Pre-school age children,0.0,11,0.0,0.0,Both,Molecular,,136,136,60,0.44117647409439087,0.042576901614665985,
PMID27080387-01,PMID27080387-01-03,PMID27080387-01-ETEC-03,Asymptomatic,Pre-school age children,12.0,23,1.0,1.0,Both,Molecular,,83,83,52,0.6265060305595398,0.05309643596410751,
PMID27080387-01,PMID27080387-01-04,PMID27080387-01-ETEC-04,Medically attended diarrhea - outpatient,Pre-school age children,12.0,23,1.0,1.0,Both,Molecular,,151,151,90,0.5960264801979065,0.039931971579790115,
PMID27080387-01,PMID27080387-01-05,PMID27080387-01-ETEC-05,Asymptomatic,Pre-school age children,24.0,59,2.0,4.0,Both,Molecular,,85,85,56,0.658823549747467,0.05142385512590408,
PMID27080387-01,PMID27080387-01-06,PMID27080387-01-ETEC-06,Medically attended diarrhea - outpatient,Pre-school age children,24.0,59,2.0,4.0,Both,Molecular,,141,141,87,0.6170212626457214,0.0409381166100502,
PMID27080387-01,PMID27080387-01-07,PMID27080387-01-ETEC-07,Asymptomatic,School age children,60.0,119,5.0,5.0,Both,Molecular,,15,15,14,0.9333333373069763,0.06440611928701401,
PMID27080387-01,PMID27080387-01-08,PMID27080387-01-ETEC-08,Medically attended diarrhea - outpatient,School age children,60.0,119,5.0,5.0,Both,Molecular,,15,15,10,0.6666666865348816,0.12171611934900284,
PMID27673470-01,PMID27673470-01-01,PMID27673470-01-ETEC-01,Asymptomatic,Pre-school age children,0.0,11,0.0,0.0,Both,Molecular,,878,298,52,0.17449665069580078,0.02198592945933342,
PMID27673470-01,PMID27673470-01-02,PMID27673470-01-ETEC-02,Medically attended diarrhea - outpatient,Pre-school age children,0.0,11,0.0,0.0,Both,Molecular,,550,300,50,0.1666666716337204,0.021516574546694756,
PMID27673470-01,PMID27673470-01-03,PMID27673470-01-ETEC-03,Asymptomatic,Pre-school age children,12.0,23,1.0,1.0,Both,Molecular,,761,299,91,0.30434781312942505,0.02661004289984703,
PMID27673470-01,PMID27673470-01-04,PMID27673470-01-ETEC-04,Medically attended diarrhea - outpatient,Pre-school age children,12.0,23,1.0,1.0,Both,Molecular,,476,299,81,0.2709030210971832,0.025701826438307762,
PMID27673470-01,PMID27673470-01-05,PMID27673470-01-ETEC-05,Asymptomatic,Pre-school age children,24.0,59,2.0,4.0,Both,Molecular,,826,300,75,0.25,0.02500000037252903,
PMID27673470-01,PMID27673470-01-06,PMID27673470-01-ETEC-06,Medically attended diarrhea - outpatient,Pre-school age children,24.0,59,2.0,4.0,Both,Molecular,,368,298,83,0.2785235047340393,0.02596772462129593,
PMID27673470-02,PMID27673470-02-01,PMID27673470-02-ETEC-01,Asymptomatic,Pre-school age children,0.0,11,0.0,0.0,Both,Molecular,,685,289,110,0.38062283396720886,0.028561176732182503,
PMID27673470-02,PMID27673470-02-02,PMID27673470-02-ETEC-02,Medically attended diarrhea - outpatient,Pre-school age children,0.0,11,0.0,0.0,Both,Molecular,,672,289,117,0.4048442840576172,0.02887422777712345,
PMID27673470-02,PMID27673470-02-03,PMID27673470-02-ETEC-03,Asymptomatic,Pre-school age children,12.0,23,1.0,1.0,Both,Molecular,,598,298,108,0.3624161183834076,0.027846094220876694,
PMID27673470-02,PMID27673470-02-04,PMID27673470-02-ETEC-04,Medically attended diarrhea - outpatient,Pre-school age children,12.0,23,1.0,1.0,Both,Molecular,,588,300,119,0.39666667580604553,0.02824430540204048,
PMID27673470-02,PMID27673470-02-05,PMID27673470-02-ETEC-05,Asymptomatic,Pre-school age children,24.0,59,2.0,4.0,Both,Molecular,,731,297,117,0.39393940567970276,0.028352705761790276,
PMID27673470-02,PMID27673470-02-06,PMID27673470-02-ETEC-06,Medically attended diarrhea - outpatient,Pre-school age children,24.0,59,2.0,4.0,Both,Molecular,,308,298,116,0.38926175236701965,0.02824491634964943,
PMID27673470-03,PMID27673470-03-01,PMID27673470-03-ETEC-01,Asymptomatic,Pre-school age children,0.0,11,0.0,0.0,Both,Molecular,,673,297,133,0.44781145453453064,0.02885446883738041,
PMID27673470-03,PMID27673470-03-02,PMID27673470-03-ETEC-02,Medically attended diarrhea - outpatient,Pre-school age children,0.0,11,0.0,0.0,Both,Molecular,,673,306,134,0.43790850043296814,0.028361845761537552,
PMID27673470-03,PMID27673470-03-03,PMID27673470-03-ETEC-03,Asymptomatic,Pre-school age children,12.0,23,1.0,1.0,Both,Molecular,,621,294,161,0.5476190447807312,0.029028043150901794,
PMID27673470-03,PMID27673470-03-04,PMID27673470-03-ETEC-04,Medically attended diarrhea - outpatient,Pre-school age children,12.0,23,1.0,1.0,Both,Molecular,,410,294,147,0.5,0.029160592705011368,
PMID27673470-03,PMID27673470-03-05,PMID27673470-03-ETEC-05,Asymptomatic,Pre-school age children,24.0,59,2.0,4.0,Both,Molecular,,589,300,134,0.4466666579246521,0.02870281971991062,
PMID27673470-03,PMID27673470-03-06,PMID27673470-03-ETEC-06,Medically attended diarrhea - outpatient,Pre-school age children,24.0,59,2.0,4.0,Both,Molecular,,393,302,125,0.4139072895050049,0.028342047706246376,
PMID27673470-04,PMID27673470-04-01,PMID27673470-04-ETEC-01,Asymptomatic,Pre-school age children,0.0,11,0.0,0.0,Both,Molecular,,727,299,113,0.37792640924453735,0.028040703386068344,
PMID27673470-04,PMID27673470-04-02,PMID27673470-04-ETEC-02,Medically attended diarrhea - outpatient,Pre-school age children,0.0,11,0.0,0.0,Both,Molecular,,727,304,126,0.41447368264198303,0.028254322707653046,
PMID27673470-04,PMID27673470-04-03,PMID27673470-04-ETEC-03,Asymptomatic,Pre-school age children,12.0,23,1.0,1.0,Both,Molecular,,695,300,152,0.5066666603088379,0.028864948078989983,
PMID27673470-04,PMID27673470-04-04,PMID27673470-04-ETEC-04,Medically attended diarrhea - outpatient,Pre-school age children,12.0,23,1.0,1.0,Both,Molecular,,682,303,172,0.5676567554473877,0.028460068628191948,
PMID27673470-04,PMID27673470-04-05,PMID27673470-04-ETEC-05,Asymptomatic,Pre-school age children,24.0,59,2.0,4.0,Both,Molecular,,642,283,136,0.4805653691291809,0.029699454084038734,
PMID27673470-04,PMID27673470-04-06,PMID27673470-04-ETEC-06,Medically attended diarrhea - outpatient,Pre-school age children,24.0,59,2.0,4.0,Both,Molecular,,624,281,134,0.47686833143234253,0.029795562848448753,
PMID27673470-05,PMID27673470-05-01,PMID27673470-05-ETEC-01,Asymptomatic,Pre-school age children,0.0,11,0.0,0.0,Both,Molecular,,696,266,141,0.530075192451477,0.03060145676136017,
PMID27673470-05,PMID27673470-05-02,PMID27673470-05-ETEC-02,Medically attended diarrhea - outpatient,Pre-school age children,0.0,11,0.0,0.0,Both,Molecular,,374,265,137,0.5169811248779297,0.030697036534547806,
PMID27673470-05,PMID27673470-05-03,PMID27673470-05-ETEC-03,Asymptomatic,Pre-school age children,12.0,23,1.0,1.0,Both,Molecular,,391,158,101,0.6392405033111572,0.03820431977510452,
PMID27673470-05,PMID27673470-05-04,PMID27673470-05-ETEC-04,Medically attended diarrhea - outpatient,Pre-school age children,12.0,23,1.0,1.0,Both,Molecular,,195,159,113,0.7106918096542358,0.035960230976343155,
PMID27673470-05,PMID27673470-05-05,PMID27673470-05-ETEC-05,Asymptomatic,Pre-school age children,24.0,59,2.0,4.0,Both,Molecular,,208,95,57,0.6000000238418579,0.05026246979832649,
PMID27673470-05,PMID27673470-05-06,PMID27673470-05-ETEC-06,Medically attended diarrhea - outpatient,Pre-school age children,24.0,59,2.0,4.0,Both,Molecular,,112,95,61,0.6421052813529968,0.049183446913957596,
PMID27673470-06,PMID27673470-06-01,PMID27673470-06-ETEC-01,Asymptomatic,Pre-school age children,0.0,11,0.0,0.0,Both,Molecular,,633,296,106,0.3581081032752991,0.02786712534725666,
PMID27673470-06,PMID27673470-06-02,PMID27673470-06-ETEC-02,Medically attended diarrhea - outpatient,Pre-school age children,0.0,11,0.0,0.0,Both,Molecular,,633,302,144,0.4768211841583252,0.028740834444761276,
PMID27673470-06,PMID27673470-06-03,PMID27673470-06-ETEC-03,Asymptomatic,Pre-school age children,12.0,23,1.0,1.0,Both,Molecular,,676,300,143,0.476666659116745,0.02883606217801571,
PMID27673470-06,PMID27673470-06-04,PMID27673470-06-ETEC-04,Medically attended diarrhea - outpatient,Pre-school age children,12.0,23,1.0,1.0,Both,Molecular,,399,299,150,0.5016722679138184,0.028915584087371826,
PMID27673470-06,PMID27673470-06-05,PMID27673470-06-ETEC-05,Asymptomatic,Pre-school age children,24.0,59,2.0,4.0,Both,Molecular,,529,223,123,0.5515695214271545,0.03330391272902489,
PMID27673470-06,PMID27673470-06-06,PMID27673470-06-ETEC-06,Medically attended diarrhea - outpatient,Pre-school age children,24.0,59,2.0,4.0,Both,Molecular,,226,223,101,0.4529148042201996,0.033333685249090195,
PMID27673470-07,PMID27673470-07-01,PMID27673470-07-ETEC-01,Asymptomatic,Pre-school age children,0.0,11,0.0,0.0,Both,Molecular,,585,285,116,0.4070175290107727,0.02910080924630165,
PMID27673470-07,PMID27673470-07-02,PMID27673470-07-ETEC-02,Medically attended diarrhea - outpatient,Pre-school age children,0.0,11,0.0,0.0,Both,Molecular,,400,285,92,0.3228070139884949,0.027695249766111374,
PMID27673470-07,PMID27673470-07-03,PMID27673470-07-ETEC-03,Asymptomatic,Pre-school age children,12.0,23,1.0,1.0,Both,Molecular,,639,298,164,0.5503355860710144,0.028817076236009598,
PMID27673470-07,PMID27673470-07-04,PMID27673470-07-ETEC-04,Medically attended diarrhea - outpatient,Pre-school age children,12.0,23,1.0,1.0,Both,Molecular,,455,307,154,0.5016286373138428,0.02853635512292385,
PMID27673470-07,PMID27673470-07-05,PMID27673470-07-ETEC-05,Asymptomatic,Pre-school age children,24.0,59,2.0,4.0,Both,Molecular,,345,163,70,0.42944785952568054,0.03877118602395058,
PMID27673470-07,PMID27673470-07-06,PMID27673470-07-ETEC-06,Medically attended diarrhea - outpatient,Pre-school age children,24.0,59,2.0,4.0,Both,Molecular,,174,163,75,0.4601227045059204,0.039038270711898804,
PMID28541454-01,PMID28541454-01-01,PMID28541454-01-ETEC-01,Asymptomatic,Pre-school age children,1.0,11,0.0,0.0,Both,Molecular,,296,285,29,0.10175438225269318,0.017908189445734024,
PMID28541454-01,PMID28541454-01-02,PMID28541454-01-ETEC-02,Medically attended diarrhea - outpatient,Pre-school age children,1.0,11,0.0,0.0,Both,Molecular,,505,485,56,0.11546391993761063,0.01451142504811287,
PMID28541454-01,PMID28541454-01-03,PMID28541454-01-ETEC-03,Asymptomatic,Pre-school age children,12.0,23,1.0,1.0,Both,Molecular,,276,272,25,0.09191176295280457,0.017517218366265297,
PMID28541454-01,PMID28541454-01-04,PMID28541454-01-ETEC-04,Medically attended diarrhea - outpatient,Pre-school age children,12.0,23,1.0,1.0,Both,Molecular,,226,216,32,0.14814814925193787,0.024171480908989906,
PMID28575304-01,PMID28575304-01-01,PMID28575304-01-ETEC-01,Medically attended diarrhea - outpatient,Pre-school age children,2.0,11,0.0,0.0,Both,Molecular,,147,146,86,0.5890411138534546,0.04071885719895363,
PMID28575304-01,PMID28575304-01-02,PMID28575304-01-ETEC-02,Medically attended diarrhea - outpatient,Pre-school age children,12.0,23,1.0,1.0,Both,Molecular,,80,80,45,0.5625,0.05546324700117111,
PMID28575304-01,PMID28575304-01-03,PMID28575304-01-ETEC-03,Medically attended diarrhea - outpatient,Pre-school age children,26.0,59,2.0,4.0,Both,Molecular,,6,6,5,0.8333333134651184,0.1521451622247696,
PMID28885460-01,PMID28885460-01-01,PMID28885460-01-ETEC-01,Asymptomatic,Pre-school age children,0.5,11,0.5,11.630390167236328,Both,Molecular,,49,49,6,0.12244898080825806,0.046829093247652054,
PMID28885460-01,PMID28885460-01-02,PMID28885460-01-ETEC-02,Asymptomatic,Pre-school age children,12.418890953063965,23,12.418890953063965,22.702259063720703,Both,Molecular,,26,26,1,0.03846153989434242,0.0377146415412426,
PMID28885460-01,PMID28885460-01-03,PMID28885460-01-ETEC-03,Asymptomatic,Pre-school age children,24.213552474975586,59,24.213552474975586,58.5,Both,Molecular,,21,21,1,0.0476190485060215,0.046471431851387024,
PMID28885460-01,PMID28885460-01-04,PMID28885460-01-ETEC-04,Medically attended diarrhea - outpatient,Pre-school age children,0.19712525606155396,11,0.19712525606155396,11.663244247436523,Both,Molecular,,45,45,12,0.2666666805744171,0.06592176854610443,
PMID28885460-01,PMID28885460-01-05,PMID28885460-01-ETEC-05,Medically attended diarrhea - outpatient,Pre-school age children,12.12320327758789,23,12.12320327758789,23.457904815673828,Both,Molecular,,32,32,9,0.28125,0.07948043197393417,
PMID28885460-01,PMID28885460-01-06,PMID28885460-01-ETEC-06,Medically attended diarrhea - outpatient,Pre-school age children,24.24640655517578,59,24.24640655517578,53.19096374511719,Both,Molecular,,21,21,7,0.3333333432674408,0.10286889970302582,
PMID30287127-01,PMID30287127-01-01,PMID30287127-01-ETEC-01,Asymptomatic,Pre-school age children,0.0,11,0.0,0.0,Both,Molecular,,210,415,155,0.3734939694404602,0.023745449259877205,
PMID30287127-01,PMID30287127-01-02,PMID30287127-01-ETEC-02,Community detected diarrhea,Pre-school age children,0.0,11,0.0,0.0,Both,Molecular,,190,308,175,0.5681818127632141,0.02822401374578476,
PMID30287127-01,PMID30287127-01-03,PMID30287127-01-ETEC-03,Asymptomatic,Pre-school age children,12.0,23,1.0,1.0,Both,Molecular,,210,417,241,0.577937662601471,0.024185817688703537,
PMID30287127-01,PMID30287127-01-04,PMID30287127-01-ETEC-04,Community detected diarrhea,Pre-school age children,12.0,23,1.0,1.0,Both,Molecular,,181,299,201,0.6722407937049866,0.027145903557538986,
PMID30287127-01,PMID30287127-01-05,PMID30287127-01-ETEC-05,Asymptomatic,Pre-school age children,24.0,59,2.0,4.0,Both,Molecular,,136,168,79,0.4702380895614624,0.03850743919610977,
PMID30287127-01,PMID30287127-01-06,PMID30287127-01-ETEC-06,Community detected diarrhea,Pre-school age children,24.0,59,2.0,4.0,Both,Molecular,,13,13,5,0.38461539149284363,0.1349319964647293,
PMID30287127-02,PMID30287127-02-01,PMID30287127-02-ETEC-01,Asymptomatic,Pre-school age children,0.0,11,0.0,0.0,Both,Molecular,,165,325,14,0.04307692125439644,0.011262094601988792,
PMID30287127-02,PMID30287127-02-02,PMID30287127-02-ETEC-02,Community detected diarrhea,Pre-school age children,0.0,11,0.0,0.0,Both,Molecular,,25,25,6,0.23999999463558197,0.08541662245988846,
PMID30287127-02,PMID30287127-02-03,PMID30287127-02-ETEC-03,Asymptomatic,Pre-school age children,12.0,23,1.0,1.0,Both,Molecular,,165,319,29,0.09090909361839294,0.016095777973532677,
PMID30287127-02,PMID30287127-02-04,PMID30287127-02-ETEC-04,Community detected diarrhea,Pre-school age children,12.0,23,1.0,1.0,Both,Molecular,,52,52,5,0.09615384787321091,0.040881697088479996,
PMID30287127-02,PMID30287127-02-05,PMID30287127-02-ETEC-05,Asymptomatic,Pre-school age children,24.0,59,2.0,4.0,Both,Molecular,,97,91,16,0.17582418024539948,0.039905112236738205,
PMID30287127-02,PMID30287127-02-06,PMID30287127-02-ETEC-06,Community detected diarrhea,Pre-school age children,24.0,59,2.0,4.0,Both,Molecular,,6,6,3,0.5,0.20412415266036987,
PMID30287127-03,PMID30287127-03-01,PMID30287127-03-ETEC-01,Asymptomatic,Pre-school age children,0.0,11,0.0,0.0,Both,Molecular,,227,453,109,0.24061809480190277,0.02008376643061638,
PMID30287127-03,PMID30287127-03-02,PMID30287127-03-ETEC-02,Community detected diarrhea,Pre-school age children,0.0,11,0.0,0.0,Both,Molecular,,165,235,64,0.27234041690826416,0.029039306566119194,
PMID30287127-03,PMID30287127-03-03,PMID30287127-03-ETEC-03,Asymptomatic,Pre-school age children,12.0,23,1.0,1.0,Both,Molecular,,227,443,163,0.3679458200931549,0.022912222892045975,
PMID30287127-03,PMID30287127-03-04,PMID30287127-03-ETEC-04,Community detected diarrhea,Pre-school age children,12.0,23,1.0,1.0,Both,Molecular,,134,156,61,0.3910256326198578,0.039069678634405136,
PMID30287127-03,PMID30287127-03-05,PMID30287127-03-ETEC-05,Asymptomatic,Pre-school age children,24.0,59,2.0,4.0,Both,Molecular,,144,172,45,0.2616279125213623,0.03351316601037979,
PMID30287127-03,PMID30287127-03-06,PMID30287127-03-ETEC-06,Community detected diarrhea,Pre-school age children,24.0,59,2.0,4.0,Both,Molecular,,7,7,3,0.4285714328289032,0.1870439052581787,
PMID30287127-04,PMID30287127-04-01,PMID30287127-04-ETEC-01,Asymptomatic,Pre-school age children,0.0,11,0.0,0.0,Both,Molecular,,227,452,70,0.1548672616481781,0.017016610130667686,
PMID30287127-04,PMID30287127-04-02,PMID30287127-04-ETEC-02,Community detected diarrhea,Pre-school age children,0.0,11,0.0,0.0,Both,Molecular,,182,268,38,0.14179104566574097,0.02130853198468685,
PMID30287127-04,PMID30287127-04-03,PMID30287127-04-ETEC-03,Asymptomatic,Pre-school age children,12.0,23,1.0,1.0,Both,Molecular,,227,454,130,0.28634360432624817,0.02121584862470627,
PMID30287127-04,PMID30287127-04-04,PMID30287127-04-ETEC-04,Community detected diarrhea,Pre-school age children,12.0,23,1.0,1.0,Both,Molecular,,173,244,74,0.30327868461608887,0.029427649453282356,
PMID30287127-04,PMID30287127-04-05,PMID30287127-04-ETEC-05,Asymptomatic,Pre-school age children,24.0,59,2.0,4.0,Both,Molecular,,170,210,45,0.2142857164144516,0.02831517718732357,
PMID30287127-04,PMID30287127-04-06,PMID30287127-04-ETEC-06,Community detected diarrhea,Pre-school age children,24.0,59,2.0,4.0,Both,Molecular,,2,2,0,0.0,0.0,
PMID30287127-05,PMID30287127-05-01,PMID30287127-05-ETEC-01,Asymptomatic,Pre-school age children,0.0,11,0.0,0.0,Both,Molecular,,245,488,71,0.1454918086528778,0.01596127077937126,
PMID30287127-05,PMID30287127-05-02,PMID30287127-05-ETEC-02,Community detected diarrhea,Pre-school age children,0.0,11,0.0,0.0,Both,Molecular,,226,391,63,0.1611253172159195,0.018592683598399162,
PMID30287127-05,PMID30287127-05-03,PMID30287127-05-ETEC-03,Asymptomatic,Pre-school age children,12.0,23,1.0,1.0,Both,Molecular,,246,490,97,0.19795918464660645,0.018000643700361252,
PMID30287127-05,PMID30287127-05-04,PMID30287127-05-ETEC-04,Community detected diarrhea,Pre-school age children,12.0,23,1.0,1.0,Both,Molecular,,190,280,74,0.26428571343421936,0.02635193057358265,
PMID30287127-05,PMID30287127-05-05,PMID30287127-05-ETEC-05,Asymptomatic,Pre-school age children,24.0,59,2.0,4.0,Both,Molecular,,92,101,15,0.14851485192775726,0.03538447991013527,
PMID30287127-05,PMID30287127-05-06,PMID30287127-05-ETEC-06,Community detected diarrhea,Pre-school age children,24.0,59,2.0,4.0,Both,Molecular,,7,7,3,0.4285714328289032,0.1870439052581787,
PMID30287127-06,PMID30287127-06-01,PMID30287127-06-ETEC-01,Asymptomatic,Pre-school age children,0.0,11,0.0,0.0,Both,Molecular,,194,388,92,0.23711340129375458,0.02159196510910988,
PMID30287127-06,PMID30287127-06-02,PMID30287127-06-ETEC-02,Community detected diarrhea,Pre-school age children,0.0,11,0.0,0.0,Both,Molecular,,178,298,76,0.25503355264663696,0.02524985559284687,
PMID30287127-06,PMID30287127-06-03,PMID30287127-06-ETEC-03,Asymptomatic,Pre-school age children,12.0,23,1.0,1.0,Both,Molecular,,194,388,155,0.3994845449924469,0.024865444749593735,
PMID30287127-06,PMID30287127-06-04,PMID30287127-06-ETEC-04,Community detected diarrhea,Pre-school age children,12.0,23,1.0,1.0,Both,Molecular,,182,313,157,0.5015974640846252,0.02826152741909027,
PMID30287127-06,PMID30287127-06-05,PMID30287127-06-ETEC-05,Asymptomatic,Pre-school age children,24.0,59,2.0,4.0,Both,Molecular,,142,173,53,0.30635836720466614,0.03504769131541252,
PMID30287127-06,PMID30287127-06-06,PMID30287127-06-ETEC-06,Community detected diarrhea,Pre-school age children,24.0,59,2.0,4.0,Both,Molecular,,20,19,8,0.42105263471603394,0.11326896399259567,
PMID30287127-07,PMID30287127-07-01,PMID30287127-07-ETEC-01,Asymptomatic,Pre-school age children,0.0,11,0.0,0.0,Both,Molecular,,237,455,31,0.06813187152147293,0.011812631972134113,
PMID30287127-07,PMID30287127-07-02,PMID30287127-07-ETEC-02,Community detected diarrhea,Pre-school age children,0.0,11,0.0,0.0,Both,Molecular,,54,51,10,0.19607843458652496,0.055595118552446365,
PMID30287127-07,PMID30287127-07-03,PMID30287127-07-ETEC-03,Asymptomatic,Pre-school age children,12.0,23,1.0,1.0,Both,Molecular,,237,442,62,0.14027149975299835,0.01651787757873535,
PMID30287127-07,PMID30287127-07-04,PMID30287127-07-ETEC-04,Community detected diarrhea,Pre-school age children,12.0,23,1.0,1.0,Both,Molecular,,50,52,9,0.17307692766189575,0.05246267840266228,
PMID30287127-07,PMID30287127-07-05,PMID30287127-07-ETEC-05,Asymptomatic,Pre-school age children,24.0,59,2.0,4.0,Both,Molecular,,98,107,27,0.25233644247055054,0.04199051484465599,
PMID30287127-07,PMID30287127-07-06,PMID30287127-07-ETEC-06,Community detected diarrhea,Pre-school age children,24.0,59,2.0,4.0,Both,Molecular,,1,1,0,0.0,0.0,
PMID30287127-08,PMID30287127-08-01,PMID30287127-08-ETEC-01,Asymptomatic,Pre-school age children,0.0,11,0.0,0.0,Both,Molecular,,209,414,211,0.509661853313446,0.024569071829319,
PMID30287127-08,PMID30287127-08-02,PMID30287127-08-ETEC-02,Community detected diarrhea,Pre-school age children,0.0,11,0.0,0.0,Both,Molecular,,80,96,57,0.59375,0.050125978887081146,
PMID30287127-08,PMID30287127-08-03,PMID30287127-08-ETEC-03,Asymptomatic,Pre-school age children,12.0,23,1.0,1.0,Both,Molecular,,209,415,241,0.5807228684425354,0.024222055450081825,
PMID30287127-08,PMID30287127-08-04,PMID30287127-08-ETEC-04,Community detected diarrhea,Pre-school age children,12.0,23,1.0,1.0,Both,Molecular,,39,38,25,0.6578947305679321,0.07696022093296051,
PMID30287127-08,PMID30287127-08-05,PMID30287127-08-ETEC-05,Asymptomatic,Pre-school age children,24.0,59,2.0,4.0,Both,Molecular,,161,220,99,0.44999998807907104,0.03354102000594139,
PMID31004129-01,PMID31004129-01-01,PMID31004129-01-ETEC-01,Community detected diarrhea,Pre-school age children,0.0,11,0.0,1.0,Both,Molecular,,908,1590,372,0.2339622676372528,0.010616941377520561,
PMID31004129-01,PMID31004129-01-02,PMID31004129-01-ETEC-02,,Pre-school age children,3.0,11,0.0,1.0,Both,Molecular,,106,106,42,0.3962264060974121,0.04750680550932884,
PMID31004129-01,PMID31004129-01-03,PMID31004129-01-ETEC-03,Community detected diarrhea,Pre-school age children,12.0,18,1.0,2.0,Both,Molecular,,623,623,264,0.42375603318214417,0.019797809422016144,
PMID31004129-01,PMID31004129-01-04,PMID31004129-01-ETEC-04,,Pre-school age children,12.0,19,1.0,2.0,Both,Molecular,,53,53,19,0.35849055647850037,0.06587224453687668,
PMID31064387-01,PMID31064387-01-01,PMID31064387-01-ETEC-01,Asymptomatic,Pre-school age children,0.0,11,0.0,0.0,Both,Molecular,,4,4,1,0.25,0.21650634706020355,
PMID31064387-01,PMID31064387-01-02,PMID31064387-01-ETEC-02,Asymptomatic,Pre-school age children,12.0,23,1.0,1.0,Both,Molecular,,27,27,6,0.2222222238779068,0.08000914752483368,
PMID31064387-01,PMID31064387-01-03,PMID31064387-01-ETEC-03,Asymptomatic,Pre-school age children,24.0,59,2.0,4.0,Both,Molecular,,189,189,70,0.37037035822868347,0.03512609004974365,
PMID31064387-01,PMID31064387-01-04,PMID31064387-01-ETEC-04,Asymptomatic,School age children,60.0,107,5.0,9.0,Both,Molecular,,233,233,73,0.31330472230911255,0.03038698062300682,
PMID31064387-01,PMID31064387-01-05,PMID31064387-01-ETEC-05,Asymptomatic,Adolescents,120.0,215,10.0,18.0,Both,Molecular,,140,140,45,0.3214285671710968,0.03947080671787262,
PMID31064387-01,PMID31064387-01-06,PMID31064387-01-ETEC-06,Asymptomatic,Adults,240.0,935,20.0,78.0,Both,Molecular,,297,297,133,0.44781145453453064,0.02885446883738041,
PMID31754717-01,PMID31754717-01-01,PMID31754717-01-ETEC-01,Asymptomatic,Pre-school age children,2.0,11,0.0,0.0,Both,Molecular,,26,26,0,0.0,0.0,
PMID31754717-01,PMID31754717-01-02,PMID31754717-01-ETEC-02,Asymptomatic,Pre-school age children,12.0,18,1.0,1.0,Both,Molecular,,7,7,1,0.1428571492433548,0.1322600096464157,
PMID31754717-02,PMID31754717-02-01,PMID31754717-02-ETEC-01,Asymptomatic,Pre-school age children,1.0,11,0.0,0.0,Both,Molecular,,61,61,8,0.13114753365516663,0.043220337480306625,
PMID31754717-02,PMID31754717-02-02,PMID31754717-02-ETEC-02,Asymptomatic,Pre-school age children,12.0,23,1.0,1.0,Both,Molecular,,39,39,1,0.025641025975346565,0.025310160592198372,
PMID31754717-03,PMID31754717-03-01,PMID31754717-03-ETEC-01,Asymptomatic,Pre-school age children,2.0,11,0.0,0.0,Both,Molecular,,67,67,10,0.1492537260055542,0.04353366419672966,
PMID31754717-03,PMID31754717-03-02,PMID31754717-03-ETEC-02,Asymptomatic,Pre-school age children,12.0,16,1.0,1.0,Both,Molecular,,6,6,1,0.1666666716337204,0.1521451622247696,
PMID31754717-04,PMID31754717-04-01,PMID31754717-04-ETEC-01,Asymptomatic,Pre-school age children,0.0,11,0.0,0.0,Both,Molecular,,91,91,5,0.05494505539536476,0.023887578397989273,
PMID31754717-04,PMID31754717-04-02,PMID31754717-04-ETEC-02,Asymptomatic,Pre-school age children,12.0,23,1.0,1.0,Both,Molecular,,97,97,10,0.10309278219938278,0.030874649062752724,
PMID32592580-01,PMID32592580-01-01,PMID32592580-01-ETEC-01,Asymptomatic,Pre-school age children,0.0,11,0.0,0.0,Both,Molecular,,171,171,60,0.35087719559669495,0.03649580478668213,
PMID32592580-01,PMID32592580-01-02,PMID32592580-01-ETEC-02,Medically attended diarrhea - outpatient,Pre-school age children,0.0,11,0.0,0.0,Both,Molecular,,1055,1055,257,0.24360188841819763,0.013215674087405205,
PMID32592580-01,PMID32592580-01-03,PMID32592580-01-ETEC-03,Asymptomatic,Pre-school age children,12.0,23,1.0,1.0,Both,Molecular,,118,118,63,0.5338982939720154,0.04592282697558403,
PMID32592580-01,PMID32592580-01-04,PMID32592580-01-ETEC-04,Medically attended diarrhea - outpatient,Pre-school age children,12.0,23,1.0,1.0,Both,Molecular,,482,482,124,0.2572614252567291,0.019910482689738274,
PMID32592580-01,PMID32592580-01-05,PMID32592580-01-ETEC-05,Asymptomatic,Pre-school age children,24.0,59,2.0,4.0,Both,Molecular,,33,33,16,0.4848484992980957,0.08699885755777359,
PMID32592580-01,PMID32592580-01-06,PMID32592580-01-ETEC-06,Medically attended diarrhea - outpatient,Pre-school age children,24.0,59,2.0,4.0,Both,Molecular,,140,140,48,0.34285715222358704,0.04011644795536995,
PMID32592580-01,PMID32592580-01-07,PMID32592580-01-ETEC-07,Asymptomatic,School age children,60.0,108,5.0,9.0,Both,Molecular,,15,15,3,0.20000000298023224,0.10327955335378647,
PMID32592580-01,PMID32592580-01-08,PMID32592580-01-ETEC-08,Medically attended diarrhea - outpatient,School age children,60.0,108,5.0,9.0,Both,Molecular,,75,75,16,0.2133333384990692,0.047303590923547745,
PMID32592580-01,PMID32592580-01-09,PMID32592580-01-ETEC-09,Asymptomatic,Adolescents,120.0,228,10.0,19.0,Both,Molecular,,34,34,15,0.44117647409439087,0.08515380322933197,
PMID32592580-01,PMID32592580-01-10,PMID32592580-01-ETEC-10,Medically attended diarrhea - outpatient,Adolescents,120.0,228,10.0,19.0,Both,Molecular,,203,203,58,0.2857142984867096,0.03170691058039665,
PMID32592580-01,PMID32592580-01-11,PMID32592580-01-ETEC-11,Asymptomatic,Adults,240.0,1056,20.0,88.0,Both,Molecular,,248,248,123,0.4959677457809448,0.031748998910188675,
PMID32592580-01,PMID32592580-01-12,PMID32592580-01-ETEC-12,Medically attended diarrhea - outpatient,Adults,240.0,1140,20.0,95.0,Both,Molecular,,1711,1711,483,0.282291054725647,0.010881724767386913,
PMID32592580-02,PMID32592580-02-01,PMID32592580-02-ETEC-01,Asymptomatic,Pre-school age children,0.0,11,0.0,0.0,Both,Molecular,,33,33,4,0.12121212482452393,0.05681435763835907,
PMID32592580-02,PMID32592580-02-02,PMID32592580-02-ETEC-02,Medically attended diarrhea - outpatient,Pre-school age children,0.0,11,0.0,0.0,Both,Molecular,,47,47,9,0.19148936867713928,0.05739397183060646,
PMID32592580-02,PMID32592580-02-03,PMID32592580-02-ETEC-03,Asymptomatic,Pre-school age children,12.0,23,1.0,1.0,Both,Molecular,,13,13,3,0.23076923191547394,0.11685454100370407,
PMID32592580-02,PMID32592580-02-04,PMID32592580-02-ETEC-04,Medically attended diarrhea - outpatient,Pre-school age children,12.0,23,1.0,1.0,Both,Molecular,,25,25,4,0.1599999964237213,0.07332120835781097,
PMID32592580-02,PMID32592580-02-05,PMID32592580-02-ETEC-05,Asymptomatic,Pre-school age children,24.0,59,2.0,2.0,Both,Molecular,,1,1,0,0.0,0.0,
PMID32592580-02,PMID32592580-02-06,PMID32592580-02-ETEC-06,Medically attended diarrhea - outpatient,Pre-school age children,24.0,59,2.0,4.0,Both,Molecular,,6,6,2,0.3333333432674408,0.19245009124279022,
PMID32592580-02,PMID32592580-02-07,PMID32592580-02-ETEC-07,Asymptomatic,School age children,60.0,72,5.0,6.0,Both,Molecular,,2,2,0,0.0,0.0,
PMID32592580-02,PMID32592580-02-08,PMID32592580-02-ETEC-08,Medically attended diarrhea - outpatient,School age children,60.0,108,5.0,9.0,Both,Molecular,,6,6,2,0.3333333432674408,0.19245009124279022,
PMID32592580-02,PMID32592580-02-09,PMID32592580-02-ETEC-09,Asymptomatic,Adolescents,192.0,192,16.0,16.0,Both,Molecular,,1,1,1,1.0,0.0,
PMID32592580-02,PMID32592580-02-10,PMID32592580-02-ETEC-10,Medically attended diarrhea - outpatient,Adolescents,120.0,228,10.0,19.0,Both,Molecular,,19,19,4,0.21052631735801697,0.09352876991033554,
PMID32592580-02,PMID32592580-02-11,PMID32592580-02-ETEC-11,Asymptomatic,Adults,252.0,780,21.0,65.0,Both,Molecular,,20,20,6,0.30000001192092896,0.10246951133012772,
PMID32592580-02,PMID32592580-02-12,PMID32592580-02-ETEC-12,Medically attended diarrhea - outpatient,Adults,240.0,1020,20.0,85.0,Both,Molecular,,216,216,40,0.18518517911434174,0.026430519297719002,
PMID32592580-03,PMID32592580-03-02,PMID32592580-03-ETEC-02,Medically attended diarrhea - outpatient,Pre-school age children,0.0,11,0.0,0.0,Both,Molecular,,46,46,3,0.06521739065647125,0.03640475496649742,
PMID32592580-03,PMID32592580-03-04,PMID32592580-03-ETEC-04,Medically attended diarrhea - outpatient,Pre-school age children,12.0,23,1.0,1.0,Both,Molecular,,34,34,1,0.029411764815449715,0.028976010158658028,
PMID32592580-03,PMID32592580-03-06,PMID32592580-03-ETEC-06,Medically attended diarrhea - outpatient,Pre-school age children,24.0,59,2.0,4.0,Both,Molecular,,26,26,0,0.0,0.0,
PMID32592580-03,PMID32592580-03-08,PMID32592580-03-ETEC-08,Medically attended diarrhea - outpatient,School age children,60.0,108,5.0,9.0,Both,Molecular,,33,33,3,0.09090909361839294,0.05004380643367767,
PMID32592580-03,PMID32592580-03-10,PMID32592580-03-ETEC-10,Medically attended diarrhea - outpatient,Adolescents,120.0,228,10.0,19.0,Both,Molecular,,43,43,5,0.11627907305955887,0.04888483136892319,
PMID32592580-03,PMID32592580-03-12,PMID32592580-03-ETEC-12,Medically attended diarrhea - outpatient,Adults,240.0,1020,20.0,85.0,Both,Molecular,,345,345,54,0.156521737575531,0.019562065601348877,
PMID32592580-04,PMID32592580-04-01,PMID32592580-04-ETEC-01,Asymptomatic,Pre-school age children,0.0,11,0.0,0.0,Both,Molecular,,5,5,1,0.20000000298023224,0.17888544499874115,
PMID32592580-04,PMID32592580-04-02,PMID32592580-04-ETEC-02,Medically attended diarrhea - outpatient,Pre-school age children,0.0,11,0.0,0.0,Both,Molecular,,44,44,2,0.04545454680919647,0.03140224143862724,
PMID32592580-04,PMID32592580-04-03,PMID32592580-04-ETEC-03,Asymptomatic,Pre-school age children,12.0,23,1.0,1.0,Both,Molecular,,4,4,0,0.0,0.0,
PMID32592580-04,PMID32592580-04-04,PMID32592580-04-ETEC-04,Medically attended diarrhea - outpatient,Pre-school age children,12.0,23,1.0,1.0,Both,Molecular,,48,48,2,0.0416666679084301,0.028842443600296974,
PMID32592580-04,PMID32592580-04-05,PMID32592580-04-ETEC-05,Asymptomatic,Pre-school age children,24.0,59,3.0,3.0,Both,Molecular,,1,1,0,0.0,0.0,
PMID32592580-04,PMID32592580-04-06,PMID32592580-04-ETEC-06,Medically attended diarrhea - outpatient,Pre-school age children,24.0,59,2.0,4.0,Both,Molecular,,16,16,2,0.125,0.08267972618341446,
PMID32592580-04,PMID32592580-04-08,PMID32592580-04-ETEC-08,Medically attended diarrhea - outpatient,School age children,60.0,108,5.0,9.0,Both,Molecular,,5,5,1,0.20000000298023224,0.17888544499874115,
PMID32592580-04,PMID32592580-04-09,PMID32592580-04-ETEC-09,Asymptomatic,Adolescents,192.0,192,16.0,16.0,Both,Molecular,,1,1,1,1.0,0.0,
PMID32592580-04,PMID32592580-04-10,PMID32592580-04-ETEC-10,Medically attended diarrhea - outpatient,Adolescents,120.0,228,10.0,19.0,Both,Molecular,,17,17,2,0.11764705926179886,0.07814248651266098,
PMID32592580-04,PMID32592580-04-11,PMID32592580-04-ETEC-11,Asymptomatic,Adults,360.0,720,30.0,60.0,Both,Molecular,,7,7,1,0.1428571492433548,0.1322600096464157,
PMID32592580-04,PMID32592580-04-12,PMID32592580-04-ETEC-12,Medically attended diarrhea - outpatient,Adults,240.0,960,20.0,80.0,Both,Molecular,,186,186,29,0.15591397881507874,0.026599863544106483,
PMID32592580-05,PMID32592580-05-02,PMID32592580-05-ETEC-02,Medically attended diarrhea - outpatient,Pre-school age children,0.0,11,0.0,0.0,Both,Molecular,,26,26,1,0.03846153989434242,0.0377146415412426,
PMID32592580-05,PMID32592580-05-03,PMID32592580-05-ETEC-03,Asymptomatic,Pre-school age children,12.0,23,1.0,1.0,Both,Molecular,,1,1,0,0.0,0.0,
PMID32592580-05,PMID32592580-05-04,PMID32592580-05-ETEC-04,Medically attended diarrhea - outpatient,Pre-school age children,12.0,23,1.0,1.0,Both,Molecular,,18,18,3,0.1666666716337204,0.08784104883670807,
PMID32592580-05,PMID32592580-05-06,PMID32592580-05-ETEC-06,Medically attended diarrhea - outpatient,Pre-school age children,24.0,59,2.0,2.0,Both,Molecular,,3,3,1,0.3333333432674408,0.27216553688049316,
PMID32592580-05,PMID32592580-05-08,PMID32592580-05-ETEC-08,Medically attended diarrhea - outpatient,School age children,84.0,108,7.0,9.0,Both,Molecular,,2,2,1,0.5,0.3535533845424652,
PMID32592580-05,PMID32592580-05-10,PMID32592580-05-ETEC-10,Medically attended diarrhea - outpatient,Adolescents,120.0,216,10.0,18.0,Both,Molecular,,4,4,0,0.0,0.0,
PMID32592580-05,PMID32592580-05-12,PMID32592580-05-ETEC-12,Medically attended diarrhea - outpatient,Adults,240.0,1080,20.0,90.0,Both,Molecular,,48,48,9,0.1875,0.05633673816919327,
PMID32592580-06,PMID32592580-06-01,PMID32592580-06-ETEC-01,Asymptomatic,Pre-school age children,0.0,11,0.0,0.0,Both,Molecular,,1,1,0,0.0,0.0,
PMID32592580-06,PMID32592580-06-02,PMID32592580-06-ETEC-02,Medically attended diarrhea - outpatient,Pre-school age children,0.0,11,0.0,0.0,Both,Molecular,,143,143,7,0.04895104840397835,0.018043234944343567,
PMID32592580-06,PMID32592580-06-04,PMID32592580-06-ETEC-04,Medically attended diarrhea - outpatient,Pre-school age children,12.0,23,1.0,1.0,Both,Molecular,,68,68,1,0.014705882407724857,0.014597350731492043,
PMID32592580-06,PMID32592580-06-06,PMID32592580-06-ETEC-06,Medically attended diarrhea - outpatient,Pre-school age children,24.0,59,2.0,4.0,Both,Molecular,,18,18,1,0.0555555559694767,0.05399029701948166,
PMID32592580-06,PMID32592580-06-08,PMID32592580-06-ETEC-08,Medically attended diarrhea - outpatient,School age children,72.0,84,6.0,7.0,Both,Molecular,,2,2,0,0.0,0.0,
PMID32592580-06,PMID32592580-06-10,PMID32592580-06-ETEC-10,Medically attended diarrhea - outpatient,Adolescents,120.0,228,10.0,19.0,Both,Molecular,,11,11,1,0.09090909361839294,0.0866784155368805,
PMID32592580-06,PMID32592580-06-12,PMID32592580-06-ETEC-12,Medically attended diarrhea - outpatient,Adults,240.0,960,20.0,80.0,Both,Molecular,,56,56,6,0.1071428582072258,0.041331253945827484,
PMID32592580-07,PMID32592580-07-02,PMID32592580-07-ETEC-02,Medically attended diarrhea - outpatient,Pre-school age children,0.0,11,0.0,0.0,Both,Molecular,,77,77,7,0.09090909361839294,0.032761361449956894,
PMID32592580-07,PMID32592580-07-03,PMID32592580-07-ETEC-03,Asymptomatic,Pre-school age children,12.0,23,1.0,1.0,Both,Molecular,,2,2,1,0.5,0.3535533845424652,
PMID32592580-07,PMID32592580-07-04,PMID32592580-07-ETEC-04,Medically attended diarrhea - outpatient,Pre-school age children,12.0,23,1.0,1.0,Both,Molecular,,81,81,3,0.03703703731298447,0.0209836196154356,
PMID32592580-07,PMID32592580-07-06,PMID32592580-07-ETEC-06,Medically attended diarrhea - outpatient,Pre-school age children,24.0,59,2.0,3.0,Both,Molecular,,34,34,3,0.0882352963089943,0.048643309623003006,
PMID32592580-07,PMID32592580-07-08,PMID32592580-07-ETEC-08,Medically attended diarrhea - outpatient,School age children,60.0,96,5.0,8.0,Both,Molecular,,6,6,1,0.1666666716337204,0.1521451622247696,
PMID32592580-07,PMID32592580-07-10,PMID32592580-07-ETEC-10,Medically attended diarrhea - outpatient,Adolescents,120.0,228,10.0,19.0,Both,Molecular,,8,8,1,0.125,0.11692679673433304,
PMID32592580-07,PMID32592580-07-12,PMID32592580-07-ETEC-12,Medically attended diarrhea - outpatient,Adults,240.0,960,20.0,80.0,Both,Molecular,,83,83,9,0.10843373835086823,0.034128718078136444,
PMID34232911-01,PMID34232911-01-01,PMID34232911-01-ETEC-01,Medically attended diarrhea - outpatient,Pre-school age children,0.0,11,0.0,0.0,Both,Molecular,,122,98,27,0.27551019191741943,0.04513068497180939,
PMID34232911-01,PMID34232911-01-02,PMID34232911-01-ETEC-02,Medically attended diarrhea - outpatient,Pre-school age children,12.0,23,1.0,1.0,Both,Molecular,,90,62,15,0.24193547666072845,0.05438849329948425,
PMID34232911-01,PMID34232911-01-03,PMID34232911-01-ETEC-03,Medically attended diarrhea - outpatient,Pre-school age children,24.0,59,2.0,4.0,Both,Molecular,,29,19,2,0.10526315867900848,0.07040590047836304,
PMID34524885-01,PMID34524885-01-01,PMID34524885-01-ETEC-01,Medically attended diarrhea - outpatient,Pre-school age children,0.0,11,0.0,0.0,Both,Molecular,,32,32,11,0.34375,0.08396165817975998,
PMID34524885-01,PMID34524885-01-02,PMID34524885-01-ETEC-02,Medically attended diarrhea - outpatient,Pre-school age children,12.0,23,1.0,1.0,Both,Molecular,,20,20,8,0.4000000059604645,0.10954450815916061,
PMID34524885-01,PMID34524885-01-03,PMID34524885-01-ETEC-03,Medically attended diarrhea - outpatient,Pre-school age children,24.0,59,2.0,4.0,Both,Molecular,,61,61,18,0.2950819730758667,0.058395009487867355,
PMID34524885-01,PMID34524885-01-04,PMID34524885-01-ETEC-04,Medically attended diarrhea - outpatient,School age children,60.0,108,5.0,9.0,Both,Molecular,,42,42,10,0.2380952388048172,0.06572052836418152,
PMID34524885-01,PMID34524885-01-05,PMID34524885-01-ETEC-05,Medically attended diarrhea - outpatient,Adolescents,120.0,204,10.0,17.0,Both,Molecular,,44,44,13,0.2954545319080353,0.0687817931175232,
PMID34524885-02,PMID34524885-02-01,PMID34524885-02-ETEC-01,Medically attended diarrhea - outpatient,Pre-school age children,0.0,11,0.0,0.0,Both,Molecular,,8,8,2,0.25,0.1530931144952774,
PMID34524885-02,PMID34524885-02-02,PMID34524885-02-ETEC-02,Medically attended diarrhea - outpatient,Pre-school age children,12.0,23,1.0,1.0,Both,Molecular,,34,34,10,0.29411765933036804,0.07814249396324158,
PMID34524885-02,PMID34524885-02-03,PMID34524885-02-ETEC-03,Medically attended diarrhea - outpatient,Pre-school age children,24.0,59,2.0,4.0,Both,Molecular,,51,51,18,0.3529411852359772,0.06691723316907883,
PMID34524885-02,PMID34524885-02-04,PMID34524885-02-ETEC-04,Medically attended diarrhea - outpatient,School age children,60.0,108,5.0,9.0,Both,Molecular,,34,34,15,0.44117647409439087,0.08515380322933197,
PMID34524885-02,PMID34524885-02-05,PMID34524885-02-ETEC-05,Medically attended diarrhea - outpatient,Adolescents,120.0,204,10.0,17.0,Both,Molecular,,12,12,2,0.1666666716337204,0.10758287459611893,
PMID34587158-01,PMID34587158-01-01,PMID34587158-01-ETEC-01,Asymptomatic,Pre-school age children,1.0,11,0.0,1.0,Both,Molecular,,83,81,45,0.5555555820465088,0.05521155521273613,
PMID34587158-01,PMID34587158-01-02,PMID34587158-01-ETEC-02,Medically attended diarrhea - outpatient,Pre-school age children,0.0,11,0.0,1.0,Both,Molecular,,84,84,47,0.5595238208770752,0.054166510701179504,
PMID34587158-01,PMID34587158-01-03,PMID34587158-01-ETEC-03,Asymptomatic,Pre-school age children,12.0,23,1.0,2.0,Both,Molecular,,56,56,23,0.4107142984867096,0.06574138253927231,
PMID34587158-01,PMID34587158-01-04,PMID34587158-01-ETEC-04,Medically attended diarrhea - outpatient,Pre-school age children,12.0,23,1.0,2.0,Both,Molecular,,90,90,55,0.6111111044883728,0.05138680338859558,
PMID34587158-01,PMID34587158-01-05,PMID34587158-01-ETEC-05,Asymptomatic,Pre-school age children,24.0,59,2.0,5.0,Both,Molecular,,61,59,23,0.38983049988746643,0.06349465250968933,
PMID34587158-01,PMID34587158-01-06,PMID34587158-01-ETEC-06,Medically attended diarrhea - outpatient,Pre-school age children,24.0,54,2.0,5.0,Both,Molecular,,55,54,22,0.40740740299224854,0.066864512860775,
PMID35802561-01,PMID35802561-01-01,PMID35802561-01-ETEC-01,Asymptomatic,Pre-school age children,6.0,11,0.0,0.0,Both,Molecular,,19,19,5,0.2631579041481018,0.1010226160287857,
PMID35802561-01,PMID35802561-01-02,PMID35802561-01-ETEC-02,Asymptomatic,Pre-school age children,12.0,23,1.0,1.0,Both,Molecular,,41,41,10,0.24390244483947754,0.06706640869379044,
PMID35802561-01,PMID35802561-01-03,PMID35802561-01-ETEC-03,Asymptomatic,Pre-school age children,24.0,59,2.0,4.0,Both,Molecular,,31,31,6,0.19354838132858276,0.07095827907323837,
PMID35802561-02,PMID35802561-02-01,PMID35802561-02-ETEC-01,Asymptomatic,Pre-school age children,7.0,11,0.0,0.0,Both,Molecular,,11,11,1,0.09090909361839294,0.0866784155368805,
PMID35802561-02,PMID35802561-02-02,PMID35802561-02-ETEC-02,Asymptomatic,Pre-school age children,12.0,23,1.0,1.0,Both,Molecular,,55,55,14,0.2545454502105713,0.05873702093958855,
PMID35802561-02,PMID35802561-02-03,PMID35802561-02-ETEC-03,Asymptomatic,Pre-school age children,24.0,59,2.0,4.0,Both,Molecular,,107,107,19,0.17757008969783783,0.03694387525320053,
