SITE_ID,EST_ID,SALM_EST_ID,SALM_SYNDROME,SALM_AGE_GROUP,SALM_AGE_LB_MON,SALM_AGE_UB_MON,SALM_AGE_LB_YR,SALM_AGE_UB_YR,SALM_SEX,SALM_DX,SALM_STRAIN,SALM_SUBJECTS,SALM_SAMPLES,SALM_CASES,SALM_PREV,SALM_SE,SALM_NOTES
GREY00000001-01,GREY00000001-01-01,GREY00000001-01-SALM-01,Medically attended diarrhea - inpatient,Pre-school age children,1,11,0,1,Both,Molecular,,64,64,25,0.390625,0.06098631024360657,
GREY00000001-01,GREY00000001-01-02,GREY00000001-01-SALM-02,Medically attended diarrhea - inpatient,Pre-school age children,12,23,1,2,Both,Molecular,,59,59,17,0.2881355881690979,0.05896184965968132,
GREY00000001-01,GREY00000001-01-03,GREY00000001-01-SALM-03,Medically attended diarrhea - inpatient,Pre-school age children,24,58,2,5,Both,Molecular,,67,67,20,0.2985074520111084,0.055905137211084366,
PMID27080387-01,PMID27080387-01-01,PMID27080387-01-SALM-01,Asymptomatic,Pre-school age children,0,11,0,0,Both,Molecular,,56,56,6,0.1071428582072258,0.041331253945827484,
PMID27080387-01,PMID27080387-01-02,PMID27080387-01-SALM-02,Medically attended diarrhea - outpatient,Pre-school age children,0,11,0,0,Both,Molecular,,136,136,12,0.0882352963089943,0.024321654811501503,
PMID27080387-01,PMID27080387-01-03,PMID27080387-01-SALM-03,Asymptomatic,Pre-school age children,12,23,1,1,Both,Molecular,,83,83,14,0.16867469251155853,0.04110280051827431,
PMID27080387-01,PMID27080387-01-04,PMID27080387-01-SALM-04,Medically attended diarrhea - outpatient,Pre-school age children,12,23,1,1,Both,Molecular,,151,151,18,0.1192052960395813,0.026369182392954826,
PMID27080387-01,PMID27080387-01-05,PMID27080387-01-SALM-05,Asymptomatic,Pre-school age children,24,59,2,4,Both,Molecular,,85,85,15,0.1764705926179886,0.04134912043809891,
PMID27080387-01,PMID27080387-01-06,PMID27080387-01-SALM-06,Medically attended diarrhea - outpatient,Pre-school age children,24,59,2,4,Both,Molecular,,141,141,21,0.1489361673593521,0.029982758685946465,
PMID27080387-01,PMID27080387-01-07,PMID27080387-01-SALM-07,Asymptomatic,School age children,60,119,5,5,Both,Molecular,,15,15,2,0.13333334028720856,0.0877707451581955,
PMID27080387-01,PMID27080387-01-08,PMID27080387-01-SALM-08,Medically attended diarrhea - outpatient,School age children,60,119,5,5,Both,Molecular,,15,15,2,0.13333334028720856,0.0877707451581955,
PMID27673470-01,PMID27673470-01-01,PMID27673470-01-SALM-01,Asymptomatic,Pre-school age children,0,11,0,0,Both,Molecular,,878,298,1,0.003355704713612795,0.0033500695135444403,
PMID27673470-01,PMID27673470-01-02,PMID27673470-01-SALM-02,Medically attended diarrhea - outpatient,Pre-school age children,0,11,0,0,Both,Molecular,,550,300,8,0.02666666731238365,0.009301532991230488,
PMID27673470-01,PMID27673470-01-03,PMID27673470-01-SALM-03,Asymptomatic,Pre-school age children,12,23,1,1,Both,Molecular,,761,299,3,0.010033444501459599,0.005763677880167961,
PMID27673470-01,PMID27673470-01-04,PMID27673470-01-SALM-04,Medically attended diarrhea - outpatient,Pre-school age children,12,23,1,1,Both,Molecular,,476,299,7,0.023411370813846588,0.008744473569095135,
PMID27673470-01,PMID27673470-01-05,PMID27673470-01-SALM-05,Asymptomatic,Pre-school age children,24,59,2,4,Both,Molecular,,826,300,1,0.0033333334140479565,0.0033277731854468584,
PMID27673470-01,PMID27673470-01-06,PMID27673470-01-SALM-06,Medically attended diarrhea - outpatient,Pre-school age children,24,59,2,4,Both,Molecular,,368,298,2,0.00671140942722559,0.004729731008410454,
PMID27673470-02,PMID27673470-02-01,PMID27673470-02-SALM-01,Asymptomatic,Pre-school age children,0,11,0,0,Both,Molecular,,685,288,4,0.013888888992369175,0.006896050646901131,
PMID27673470-02,PMID27673470-02-02,PMID27673470-02-SALM-02,Medically attended diarrhea - outpatient,Pre-school age children,0,11,0,0,Both,Molecular,,672,288,3,0.010416666977107525,0.005982660222798586,
PMID27673470-02,PMID27673470-02-03,PMID27673470-02-SALM-03,Asymptomatic,Pre-school age children,12,23,1,1,Both,Molecular,,598,298,4,0.01342281885445118,0.00666621420532465,
PMID27673470-02,PMID27673470-02-04,PMID27673470-02-SALM-04,Medically attended diarrhea - outpatient,Pre-school age children,12,23,1,1,Both,Molecular,,588,299,4,0.01337792631238699,0.006644070148468018,
PMID27673470-02,PMID27673470-02-05,PMID27673470-02-SALM-05,Asymptomatic,Pre-school age children,24,59,2,4,Both,Molecular,,731,297,4,0.013468013145029545,0.006688505876809359,
PMID27673470-02,PMID27673470-02-06,PMID27673470-02-SALM-06,Medically attended diarrhea - outpatient,Pre-school age children,24,59,2,4,Both,Molecular,,308,297,4,0.013468013145029545,0.006688505876809359,
PMID27673470-03,PMID27673470-03-01,PMID27673470-03-SALM-01,Asymptomatic,Pre-school age children,0,11,0,0,Both,Molecular,,673,302,4,0.013245033100247383,0.006578512489795685,
PMID27673470-03,PMID27673470-03-02,PMID27673470-03-SALM-02,Medically attended diarrhea - outpatient,Pre-school age children,0,11,0,0,Both,Molecular,,673,309,11,0.03559870645403862,0.010540634393692017,
PMID27673470-03,PMID27673470-03-03,PMID27673470-03-SALM-03,Asymptomatic,Pre-school age children,12,23,1,1,Both,Molecular,,621,299,3,0.010033444501459599,0.005763677880167961,
PMID27673470-03,PMID27673470-03-04,PMID27673470-03-SALM-04,Medically attended diarrhea - outpatient,Pre-school age children,12,23,1,1,Both,Molecular,,410,302,9,0.029801324009895325,0.009784635156393051,
PMID27673470-03,PMID27673470-03-05,PMID27673470-03-SALM-05,Asymptomatic,Pre-school age children,24,59,2,4,Both,Molecular,,589,301,1,0.003322259057313204,0.0033167358487844467,
PMID27673470-03,PMID27673470-03-06,PMID27673470-03-SALM-06,Medically attended diarrhea - outpatient,Pre-school age children,24,59,2,4,Both,Molecular,,393,303,11,0.03630363196134567,0.010745431296527386,
PMID27673470-04,PMID27673470-04-01,PMID27673470-04-SALM-01,Asymptomatic,Pre-school age children,0,11,0,0,Both,Molecular,,727,298,11,0.03691275045275688,0.010922269895672798,
PMID27673470-04,PMID27673470-04-02,PMID27673470-04-SALM-02,Medically attended diarrhea - outpatient,Pre-school age children,0,11,0,0,Both,Molecular,,727,304,9,0.029605263844132423,0.009721244685351849,
PMID27673470-04,PMID27673470-04-03,PMID27673470-04-SALM-03,Asymptomatic,Pre-school age children,12,23,1,1,Both,Molecular,,695,300,5,0.01666666753590107,0.007391185965389013,
PMID27673470-04,PMID27673470-04-04,PMID27673470-04-SALM-04,Medically attended diarrhea - outpatient,Pre-school age children,12,23,1,1,Both,Molecular,,682,303,14,0.046204619109630585,0.012060047127306461,
PMID27673470-04,PMID27673470-04-05,PMID27673470-04-SALM-05,Asymptomatic,Pre-school age children,24,59,2,4,Both,Molecular,,642,283,5,0.017667844891548157,0.007831189781427383,
PMID27673470-04,PMID27673470-04-06,PMID27673470-04-SALM-06,Medically attended diarrhea - outpatient,Pre-school age children,24,59,2,4,Both,Molecular,,624,282,8,0.028368793427944183,0.00988659169524908,
PMID27673470-05,PMID27673470-05-01,PMID27673470-05-SALM-01,Asymptomatic,Pre-school age children,0,11,0,0,Both,Molecular,,696,264,12,0.04545454680919647,0.012819911353290081,
PMID27673470-05,PMID27673470-05-02,PMID27673470-05-SALM-02,Medically attended diarrhea - outpatient,Pre-school age children,0,11,0,0,Both,Molecular,,374,265,10,0.03773584961891174,0.011705804616212845,
PMID27673470-05,PMID27673470-05-03,PMID27673470-05-SALM-03,Asymptomatic,Pre-school age children,12,23,1,1,Both,Molecular,,391,159,8,0.050314463675022125,0.01733555644750595,
PMID27673470-05,PMID27673470-05-04,PMID27673470-05-SALM-04,Medically attended diarrhea - outpatient,Pre-school age children,12,23,1,1,Both,Molecular,,195,158,8,0.050632912665605545,0.01744234934449196,
PMID27673470-05,PMID27673470-05-05,PMID27673470-05-SALM-05,Asymptomatic,Pre-school age children,24,59,2,4,Both,Molecular,,208,95,1,0.010526316240429878,0.010470767505466938,
PMID27673470-05,PMID27673470-05-06,PMID27673470-05-SALM-06,Medically attended diarrhea - outpatient,Pre-school age children,24,59,2,4,Both,Molecular,,112,95,2,0.021052632480859756,0.014728926122188568,
PMID27673470-06,PMID27673470-06-01,PMID27673470-06-SALM-01,Asymptomatic,Pre-school age children,0,11,0,0,Both,Molecular,,633,296,5,0.01689189113676548,0.007490208838135004,
PMID27673470-06,PMID27673470-06-02,PMID27673470-06-SALM-02,Medically attended diarrhea - outpatient,Pre-school age children,0,11,0,0,Both,Molecular,,633,300,4,0.013333333656191826,0.006622073240578175,
PMID27673470-06,PMID27673470-06-03,PMID27673470-06-SALM-03,Asymptomatic,Pre-school age children,12,23,1,1,Both,Molecular,,676,300,4,0.013333333656191826,0.006622073240578175,
PMID27673470-06,PMID27673470-06-04,PMID27673470-06-SALM-04,Medically attended diarrhea - outpatient,Pre-school age children,12,23,1,1,Both,Molecular,,399,299,2,0.006688963156193495,0.00471396604552865,
PMID27673470-06,PMID27673470-06-05,PMID27673470-06-SALM-05,Asymptomatic,Pre-school age children,24,59,2,4,Both,Molecular,,529,219,1,0.004566209856420755,0.004555772989988327,
PMID27673470-06,PMID27673470-06-06,PMID27673470-06-SALM-06,Medically attended diarrhea - outpatient,Pre-school age children,24,59,2,4,Both,Molecular,,226,220,6,0.027272727340459824,0.010981166735291481,
PMID27673470-07,PMID27673470-07-01,PMID27673470-07-SALM-01,Asymptomatic,Pre-school age children,0,11,0,0,Both,Molecular,,585,276,28,0.10144927352666855,0.018173610791563988,
PMID27673470-07,PMID27673470-07-02,PMID27673470-07-SALM-02,Medically attended diarrhea - outpatient,Pre-school age children,0,11,0,0,Both,Molecular,,400,276,11,0.039855074137449265,0.01177485752850771,
PMID27673470-07,PMID27673470-07-03,PMID27673470-07-SALM-03,Asymptomatic,Pre-school age children,12,23,1,1,Both,Molecular,,639,301,12,0.039867110550403595,0.011276901699602604,
PMID27673470-07,PMID27673470-07-04,PMID27673470-07-SALM-04,Medically attended diarrhea - outpatient,Pre-school age children,12,23,1,1,Both,Molecular,,455,307,20,0.06514658033847809,0.014084725640714169,
PMID27673470-07,PMID27673470-07-05,PMID27673470-07-SALM-05,Asymptomatic,Pre-school age children,24,59,2,4,Both,Molecular,,345,164,2,0.012195121496915817,0.008570510894060135,
PMID27673470-07,PMID27673470-07-06,PMID27673470-07-SALM-06,Medically attended diarrhea - outpatient,Pre-school age children,24,59,2,4,Both,Molecular,,174,163,9,0.05521472543478012,0.017889583483338356,
PMID28575304-01,PMID28575304-01-01,PMID28575304-01-SALM-01,Medically attended diarrhea - outpatient,Pre-school age children,2,11,0,0,Both,Molecular,,147,147,1,0.006802720949053764,0.006779543124139309,
PMID28575304-01,PMID28575304-01-02,PMID28575304-01-SALM-02,Medically attended diarrhea - outpatient,Pre-school age children,12,23,1,1,Both,Molecular,,80,80,5,0.0625,0.027063293382525444,
PMID28575304-01,PMID28575304-01-03,PMID28575304-01-SALM-03,Medically attended diarrhea - outpatient,Pre-school age children,26,59,2,4,Both,Molecular,,6,6,1,0.1666666716337204,0.1521451622247696,
PMID30287127-01,PMID30287127-01-01,PMID30287127-01-SALM-01,Asymptomatic,Pre-school age children,0,11,0,0,Both,Molecular,,210,415,2,0.004819277208298445,0.003399522276595235,
PMID30287127-01,PMID30287127-01-02,PMID30287127-01-SALM-02,Community detected diarrhea,Pre-school age children,0,11,0,0,Both,Molecular,,190,308,2,0.006493506487458944,0.0045766704715788364,
PMID30287127-01,PMID30287127-01-03,PMID30287127-01-SALM-03,Asymptomatic,Pre-school age children,12,23,1,1,Both,Molecular,,210,415,6,0.014457831159234047,0.00585956173017621,
PMID30287127-01,PMID30287127-01-04,PMID30287127-01-SALM-04,Community detected diarrhea,Pre-school age children,12,23,1,1,Both,Molecular,,181,296,3,0.010135134682059288,0.005821794271469116,
PMID30287127-01,PMID30287127-01-05,PMID30287127-01-SALM-05,Asymptomatic,Pre-school age children,24,59,2,4,Both,Molecular,,136,168,2,0.011904762126505375,0.008367680944502354,
PMID30287127-01,PMID30287127-01-06,PMID30287127-01-SALM-06,Community detected diarrhea,Pre-school age children,24,59,2,4,Both,Molecular,,13,13,0,0.0,0.0,
PMID30287127-02,PMID30287127-02-01,PMID30287127-02-SALM-01,Asymptomatic,Pre-school age children,0,11,0,0,Both,Molecular,,165,324,2,0.006172839552164078,0.004351363983005285,
PMID30287127-02,PMID30287127-02-02,PMID30287127-02-SALM-02,Community detected diarrhea,Pre-school age children,0,11,0,0,Both,Molecular,,25,24,2,0.0833333358168602,0.05641693249344826,
PMID30287127-02,PMID30287127-02-03,PMID30287127-02-SALM-03,Asymptomatic,Pre-school age children,12,23,1,1,Both,Molecular,,165,316,1,0.0031645570416003466,0.0031595458276569843,
PMID30287127-02,PMID30287127-02-04,PMID30287127-02-SALM-04,Community detected diarrhea,Pre-school age children,12,23,1,1,Both,Molecular,,52,52,0,0.0,0.0,
PMID30287127-02,PMID30287127-02-05,PMID30287127-02-SALM-05,Asymptomatic,Pre-school age children,24,59,2,4,Both,Molecular,,97,89,2,0.02247191034257412,0.015710486099123955,
PMID30287127-02,PMID30287127-02-06,PMID30287127-02-SALM-06,Community detected diarrhea,Pre-school age children,24,59,2,4,Both,Molecular,,6,6,0,0.0,0.0,
PMID30287127-03,PMID30287127-03-01,PMID30287127-03-SALM-01,Asymptomatic,Pre-school age children,0,11,0,0,Both,Molecular,,227,451,9,0.019955653697252274,0.006585178896784782,
PMID30287127-03,PMID30287127-03-02,PMID30287127-03-SALM-02,Community detected diarrhea,Pre-school age children,0,11,0,0,Both,Molecular,,165,234,6,0.025641025975346565,0.01033282931894064,
PMID30287127-03,PMID30287127-03-03,PMID30287127-03-SALM-03,Asymptomatic,Pre-school age children,12,23,1,1,Both,Molecular,,227,438,2,0.004566209856420755,0.00322141801007092,
PMID30287127-03,PMID30287127-03-04,PMID30287127-03-SALM-04,Community detected diarrhea,Pre-school age children,12,23,1,1,Both,Molecular,,134,153,0,0.0,0.0,
PMID30287127-03,PMID30287127-03-05,PMID30287127-03-SALM-05,Asymptomatic,Pre-school age children,24,59,2,4,Both,Molecular,,144,167,1,0.005988024175167084,0.005970068741589785,
PMID30287127-03,PMID30287127-03-06,PMID30287127-03-SALM-06,Community detected diarrhea,Pre-school age children,24,59,2,4,Both,Molecular,,7,7,0,0.0,0.0,
PMID30287127-04,PMID30287127-04-01,PMID30287127-04-SALM-01,Asymptomatic,Pre-school age children,0,11,0,0,Both,Molecular,,227,452,2,0.0044247787445783615,0.003121861256659031,
PMID30287127-04,PMID30287127-04-02,PMID30287127-04-SALM-02,Community detected diarrhea,Pre-school age children,0,11,0,0,Both,Molecular,,182,268,4,0.014925372786819935,0.0074067856185138226,
PMID30287127-04,PMID30287127-04-03,PMID30287127-04-SALM-03,Asymptomatic,Pre-school age children,12,23,1,1,Both,Molecular,,227,454,5,0.011013215407729149,0.004898063372820616,
PMID30287127-04,PMID30287127-04-04,PMID30287127-04-SALM-04,Community detected diarrhea,Pre-school age children,12,23,1,1,Both,Molecular,,173,244,3,0.012295082211494446,0.007054795045405626,
PMID30287127-04,PMID30287127-04-05,PMID30287127-04-SALM-05,Asymptomatic,Pre-school age children,24,59,2,4,Both,Molecular,,170,210,1,0.004761904943734407,0.004750553518533707,
PMID30287127-04,PMID30287127-04-06,PMID30287127-04-SALM-06,Community detected diarrhea,Pre-school age children,24,59,2,4,Both,Molecular,,2,2,0,0.0,0.0,
PMID30287127-05,PMID30287127-05-01,PMID30287127-05-SALM-01,Asymptomatic,Pre-school age children,0,11,0,0,Both,Molecular,,245,488,0,0.0,0.0,
PMID30287127-05,PMID30287127-05-02,PMID30287127-05-SALM-02,Community detected diarrhea,Pre-school age children,0,11,0,0,Both,Molecular,,226,391,0,0.0,0.0,
PMID30287127-05,PMID30287127-05-03,PMID30287127-05-SALM-03,Asymptomatic,Pre-school age children,12,23,1,1,Both,Molecular,,246,490,0,0.0,0.0,
PMID30287127-05,PMID30287127-05-04,PMID30287127-05-SALM-04,Community detected diarrhea,Pre-school age children,12,23,1,1,Both,Molecular,,190,279,0,0.0,0.0,
PMID30287127-05,PMID30287127-05-05,PMID30287127-05-SALM-05,Asymptomatic,Pre-school age children,24,59,2,4,Both,Molecular,,92,101,1,0.009900989942252636,0.009851853363215923,
PMID30287127-05,PMID30287127-05-06,PMID30287127-05-SALM-06,Community detected diarrhea,Pre-school age children,24,59,2,4,Both,Molecular,,7,7,0,0.0,0.0,
PMID30287127-06,PMID30287127-06-01,PMID30287127-06-SALM-01,Asymptomatic,Pre-school age children,0,11,0,0,Both,Molecular,,194,388,8,0.020618556067347527,0.007214216981083155,
PMID30287127-06,PMID30287127-06-02,PMID30287127-06-SALM-02,Community detected diarrhea,Pre-school age children,0,11,0,0,Both,Molecular,,178,298,3,0.010067113675177097,0.005782920401543379,
PMID30287127-06,PMID30287127-06-03,PMID30287127-06-SALM-03,Asymptomatic,Pre-school age children,12,23,1,1,Both,Molecular,,194,388,1,0.002577319508418441,0.0025739960838109255,
PMID30287127-06,PMID30287127-06-04,PMID30287127-06-SALM-04,Community detected diarrhea,Pre-school age children,12,23,1,1,Both,Molecular,,182,312,2,0.006410256493836641,0.004518184345215559,
PMID30287127-06,PMID30287127-06-05,PMID30287127-06-SALM-05,Asymptomatic,Pre-school age children,24,59,2,4,Both,Molecular,,142,173,0,0.0,0.0,
PMID30287127-06,PMID30287127-06-06,PMID30287127-06-SALM-06,Community detected diarrhea,Pre-school age children,24,59,2,4,Both,Molecular,,20,19,0,0.0,0.0,
PMID30287127-07,PMID30287127-07-01,PMID30287127-07-SALM-01,Asymptomatic,Pre-school age children,0,11,0,0,Both,Molecular,,237,453,1,0.002207505516707897,0.0022050675470381975,
PMID30287127-07,PMID30287127-07-02,PMID30287127-07-SALM-02,Community detected diarrhea,Pre-school age children,0,11,0,0,Both,Molecular,,54,49,1,0.020408162847161293,0.020198842510581017,
PMID30287127-07,PMID30287127-07-03,PMID30287127-07-SALM-03,Asymptomatic,Pre-school age children,12,23,1,1,Both,Molecular,,237,437,2,0.004576658830046654,0.0032287726644426584,
PMID30287127-07,PMID30287127-07-04,PMID30287127-07-SALM-04,Community detected diarrhea,Pre-school age children,12,23,1,1,Both,Molecular,,50,52,0,0.0,0.0,
PMID30287127-07,PMID30287127-07-05,PMID30287127-07-SALM-05,Asymptomatic,Pre-school age children,24,59,2,4,Both,Molecular,,98,103,0,0.0,0.0,
PMID30287127-07,PMID30287127-07-06,PMID30287127-07-SALM-06,Community detected diarrhea,Pre-school age children,24,59,2,4,Both,Molecular,,1,1,0,0.0,0.0,
PMID30287127-08,PMID30287127-08-01,PMID30287127-08-SALM-01,Asymptomatic,Pre-school age children,0,11,0,0,Both,Molecular,,209,413,2,0.004842615220695734,0.003415944753214717,
PMID30287127-08,PMID30287127-08-02,PMID30287127-08-SALM-02,Community detected diarrhea,Pre-school age children,0,11,0,0,Both,Molecular,,80,96,0,0.0,0.0,
PMID30287127-08,PMID30287127-08-03,PMID30287127-08-SALM-03,Asymptomatic,Pre-school age children,12,23,1,1,Both,Molecular,,209,411,1,0.002433090005069971,0.00243012816645205,
PMID30287127-08,PMID30287127-08-04,PMID30287127-08-SALM-04,Community detected diarrhea,Pre-school age children,12,23,1,1,Both,Molecular,,39,39,0,0.0,0.0,
PMID30287127-08,PMID30287127-08-05,PMID30287127-08-SALM-05,Asymptomatic,Pre-school age children,24,59,2,4,Both,Molecular,,161,214,3,0.014018691144883633,0.008036763407289982,
PMID31004129-01,PMID31004129-01-01,PMID31004129-01-SALM-01,Community detected diarrhea,Pre-school age children,0,11,0,1,Both,Molecular,,908,1590,34,0.02138364687561989,0.00362784368917346,
PMID31004129-01,PMID31004129-01-02,PMID31004129-01-SALM-02,,Pre-school age children,3,11,0,1,Both,Molecular,,106,106,1,0.009433962404727936,0.009389356710016727,
PMID31004129-01,PMID31004129-01-03,PMID31004129-01-SALM-03,Community detected diarrhea,Pre-school age children,12,18,1,2,Both,Molecular,,623,623,7,0.01123595517128706,0.0042228661477565765,
PMID31004129-01,PMID31004129-01-04,PMID31004129-01-SALM-04,,Pre-school age children,12,19,1,2,Both,Molecular,,53,53,0,0.0,0.0,
PMID31064387-01,PMID31064387-01-01,PMID31064387-01-SALM-01,Asymptomatic,Pre-school age children,0,11,0,0,Both,Molecular,,4,4,0,0.0,0.0,
PMID31064387-01,PMID31064387-01-02,PMID31064387-01-SALM-02,Asymptomatic,Pre-school age children,12,23,1,1,Both,Molecular,,27,27,0,0.0,0.0,
PMID31064387-01,PMID31064387-01-03,PMID31064387-01-SALM-03,Asymptomatic,Pre-school age children,24,59,2,4,Both,Molecular,,189,189,7,0.03703703731298447,0.013737003318965435,
PMID31064387-01,PMID31064387-01-04,PMID31064387-01-SALM-04,Asymptomatic,School age children,60,107,5,9,Both,Molecular,,233,233,2,0.008583690971136093,0.00604348024353385,
PMID31064387-01,PMID31064387-01-05,PMID31064387-01-SALM-05,Asymptomatic,Adolescents,120,215,10,18,Both,Molecular,,140,140,6,0.04285714402794838,0.017117328941822052,
PMID31064387-01,PMID31064387-01-06,PMID31064387-01-SALM-06,Asymptomatic,Adults,240,935,20,78,Both,Molecular,,297,297,20,0.06734006851911545,0.0145418681204319,
PMID31754717-01,PMID31754717-01-01,PMID31754717-01-SALM-01,Asymptomatic,Pre-school age children,2,11,0,0,Both,Molecular,,26,26,0,0.0,0.0,
PMID31754717-01,PMID31754717-01-02,PMID31754717-01-SALM-02,Asymptomatic,Pre-school age children,12,18,1,1,Both,Molecular,,7,7,0,0.0,0.0,
PMID31754717-02,PMID31754717-02-01,PMID31754717-02-SALM-01,Asymptomatic,Pre-school age children,1,11,0,0,Both,Molecular,,61,61,2,0.032786883413791656,0.022800598293542862,
PMID31754717-02,PMID31754717-02-02,PMID31754717-02-SALM-02,Asymptomatic,Pre-school age children,12,23,1,1,Both,Molecular,,39,39,1,0.025641025975346565,0.025310160592198372,
PMID31754717-03,PMID31754717-03-01,PMID31754717-03-SALM-01,Asymptomatic,Pre-school age children,2,11,0,0,Both,Molecular,,67,67,3,0.04477611929178238,0.02526611089706421,
PMID31754717-03,PMID31754717-03-02,PMID31754717-03-SALM-02,Asymptomatic,Pre-school age children,12,16,1,1,Both,Molecular,,6,6,0,0.0,0.0,
PMID31754717-04,PMID31754717-04-01,PMID31754717-04-SALM-01,Asymptomatic,Pre-school age children,0,11,0,0,Both,Molecular,,91,91,1,0.010989011265337467,0.01092846505343914,
PMID31754717-04,PMID31754717-04-02,PMID31754717-04-SALM-02,Asymptomatic,Pre-school age children,12,23,1,1,Both,Molecular,,97,97,4,0.04123711213469505,0.0201889555901289,
PMID32592580-01,PMID32592580-01-01,PMID32592580-01-SALM-01,Asymptomatic,Pre-school age children,0,11,0,0,Both,Molecular,,171,171,1,0.005847953259944916,0.005830829031765461,
PMID32592580-01,PMID32592580-01-02,PMID32592580-01-SALM-02,Medically attended diarrhea - outpatient,Pre-school age children,0,11,0,0,Both,Molecular,,1055,1055,10,0.009478673338890076,0.002983180107548833,
PMID32592580-01,PMID32592580-01-03,PMID32592580-01-SALM-03,Asymptomatic,Pre-school age children,12,23,1,1,Both,Molecular,,118,118,1,0.008474576286971569,0.008438590914011002,
PMID32592580-01,PMID32592580-01-04,PMID32592580-01-SALM-04,Medically attended diarrhea - outpatient,Pre-school age children,12,23,1,1,Both,Molecular,,482,482,9,0.018672199919819832,0.006165684200823307,
PMID32592580-01,PMID32592580-01-05,PMID32592580-01-SALM-05,Asymptomatic,Pre-school age children,24,59,2,4,Both,Molecular,,33,33,0,0.0,0.0,
PMID32592580-01,PMID32592580-01-06,PMID32592580-01-SALM-06,Medically attended diarrhea - outpatient,Pre-school age children,24,59,2,4,Both,Molecular,,140,140,2,0.014285714365541935,0.010029111988842487,
PMID32592580-01,PMID32592580-01-07,PMID32592580-01-SALM-07,Asymptomatic,School age children,60,108,5,9,Both,Molecular,,15,15,0,0.0,0.0,
PMID32592580-01,PMID32592580-01-08,PMID32592580-01-SALM-08,Medically attended diarrhea - outpatient,School age children,60,108,5,9,Both,Molecular,,75,75,1,0.013333333656191826,0.01324414648115635,
PMID32592580-01,PMID32592580-01-09,PMID32592580-01-SALM-09,Asymptomatic,Adolescents,120,228,10,19,Both,Molecular,,34,34,0,0.0,0.0,
PMID32592580-01,PMID32592580-01-10,PMID32592580-01-SALM-10,Medically attended diarrhea - outpatient,Adolescents,120,228,10,19,Both,Molecular,,203,203,1,0.004926108289510012,0.004913960117846727,
PMID32592580-01,PMID32592580-01-11,PMID32592580-01-SALM-11,Asymptomatic,Adults,240,1056,20,88,Both,Molecular,,248,248,2,0.008064515888690948,0.005679433699697256,
PMID32592580-01,PMID32592580-01-12,PMID32592580-01-SALM-12,Medically attended diarrhea - outpatient,Adults,240,1140,20,95,Both,Molecular,,1711,1711,57,0.033313851803541183,0.0043384055607020855,
PMID32592580-02,PMID32592580-02-01,PMID32592580-02-SALM-01,Asymptomatic,Pre-school age children,0,11,0,0,Both,Molecular,,33,33,0,0.0,0.0,
PMID32592580-02,PMID32592580-02-02,PMID32592580-02-SALM-02,Medically attended diarrhea - outpatient,Pre-school age children,0,11,0,0,Both,Molecular,,47,47,0,0.0,0.0,
PMID32592580-02,PMID32592580-02-03,PMID32592580-02-SALM-03,Asymptomatic,Pre-school age children,12,23,1,1,Both,Molecular,,13,13,0,0.0,0.0,
PMID32592580-02,PMID32592580-02-04,PMID32592580-02-SALM-04,Medically attended diarrhea - outpatient,Pre-school age children,12,23,1,1,Both,Molecular,,25,25,0,0.0,0.0,
PMID32592580-02,PMID32592580-02-05,PMID32592580-02-SALM-05,Asymptomatic,Pre-school age children,24,59,2,2,Both,Molecular,,1,1,0,0.0,0.0,
PMID32592580-02,PMID32592580-02-06,PMID32592580-02-SALM-06,Medically attended diarrhea - outpatient,Pre-school age children,24,59,2,4,Both,Molecular,,6,6,0,0.0,0.0,
PMID32592580-02,PMID32592580-02-07,PMID32592580-02-SALM-07,Asymptomatic,School age children,60,72,5,6,Both,Molecular,,2,2,0,0.0,0.0,
PMID32592580-02,PMID32592580-02-08,PMID32592580-02-SALM-08,Medically attended diarrhea - outpatient,School age children,60,108,5,9,Both,Molecular,,6,6,0,0.0,0.0,
PMID32592580-02,PMID32592580-02-09,PMID32592580-02-SALM-09,Asymptomatic,Adolescents,192,192,16,16,Both,Molecular,,1,1,0,0.0,0.0,
PMID32592580-02,PMID32592580-02-10,PMID32592580-02-SALM-10,Medically attended diarrhea - outpatient,Adolescents,120,228,10,19,Both,Molecular,,19,19,1,0.05263157933950424,0.05122781917452812,
PMID32592580-02,PMID32592580-02-11,PMID32592580-02-SALM-11,Asymptomatic,Adults,252,780,21,65,Both,Molecular,,20,20,0,0.0,0.0,
PMID32592580-02,PMID32592580-02-12,PMID32592580-02-SALM-12,Medically attended diarrhea - outpatient,Adults,240,1020,20,85,Both,Molecular,,216,216,10,0.046296294778585434,0.01429726555943489,
PMID32592580-03,PMID32592580-03-02,PMID32592580-03-SALM-02,Medically attended diarrhea - outpatient,Pre-school age children,0,11,0,0,Both,Molecular,,46,46,1,0.021739130839705467,0.021501537412405014,
PMID32592580-03,PMID32592580-03-04,PMID32592580-03-SALM-04,Medically attended diarrhea - outpatient,Pre-school age children,12,23,1,1,Both,Molecular,,34,34,1,0.029411764815449715,0.028976010158658028,
PMID32592580-03,PMID32592580-03-06,PMID32592580-03-SALM-06,Medically attended diarrhea - outpatient,Pre-school age children,24,59,2,4,Both,Molecular,,26,26,0,0.0,0.0,
PMID32592580-03,PMID32592580-03-08,PMID32592580-03-SALM-08,Medically attended diarrhea - outpatient,School age children,60,108,5,9,Both,Molecular,,33,33,0,0.0,0.0,
PMID32592580-03,PMID32592580-03-10,PMID32592580-03-SALM-10,Medically attended diarrhea - outpatient,Adolescents,120,228,10,19,Both,Molecular,,43,43,0,0.0,0.0,
PMID32592580-03,PMID32592580-03-12,PMID32592580-03-SALM-12,Medically attended diarrhea - outpatient,Adults,240,1020,20,85,Both,Molecular,,345,345,12,0.03478260710835457,0.009864704683423042,
PMID32592580-04,PMID32592580-04-01,PMID32592580-04-SALM-01,Asymptomatic,Pre-school age children,0,11,0,0,Both,Molecular,,5,5,0,0.0,0.0,
PMID32592580-04,PMID32592580-04-02,PMID32592580-04-SALM-02,Medically attended diarrhea - outpatient,Pre-school age children,0,11,0,0,Both,Molecular,,44,44,0,0.0,0.0,
PMID32592580-04,PMID32592580-04-03,PMID32592580-04-SALM-03,Asymptomatic,Pre-school age children,12,23,1,1,Both,Molecular,,4,4,0,0.0,0.0,
PMID32592580-04,PMID32592580-04-04,PMID32592580-04-SALM-04,Medically attended diarrhea - outpatient,Pre-school age children,12,23,1,1,Both,Molecular,,48,48,0,0.0,0.0,
PMID32592580-04,PMID32592580-04-05,PMID32592580-04-SALM-05,Asymptomatic,Pre-school age children,24,59,3,3,Both,Molecular,,1,1,0,0.0,0.0,
PMID32592580-04,PMID32592580-04-06,PMID32592580-04-SALM-06,Medically attended diarrhea - outpatient,Pre-school age children,24,59,2,4,Both,Molecular,,16,16,0,0.0,0.0,
PMID32592580-04,PMID32592580-04-08,PMID32592580-04-SALM-08,Medically attended diarrhea - outpatient,School age children,60,108,5,9,Both,Molecular,,5,5,0,0.0,0.0,
PMID32592580-04,PMID32592580-04-09,PMID32592580-04-SALM-09,Asymptomatic,Adolescents,192,192,16,16,Both,Molecular,,1,1,0,0.0,0.0,
PMID32592580-04,PMID32592580-04-10,PMID32592580-04-SALM-10,Medically attended diarrhea - outpatient,Adolescents,120,228,10,19,Both,Molecular,,17,17,0,0.0,0.0,
PMID32592580-04,PMID32592580-04-11,PMID32592580-04-SALM-11,Asymptomatic,Adults,360,720,30,60,Both,Molecular,,7,7,0,0.0,0.0,
PMID32592580-04,PMID32592580-04-12,PMID32592580-04-SALM-12,Medically attended diarrhea - outpatient,Adults,240,960,20,80,Both,Molecular,,186,186,8,0.04301075264811516,0.014875980094075203,
PMID32592580-05,PMID32592580-05-02,PMID32592580-05-SALM-02,Medically attended diarrhea - outpatient,Pre-school age children,0,11,0,0,Both,Molecular,,26,26,0,0.0,0.0,
PMID32592580-05,PMID32592580-05-03,PMID32592580-05-SALM-03,Asymptomatic,Pre-school age children,12,23,1,1,Both,Molecular,,1,1,0,0.0,0.0,
PMID32592580-05,PMID32592580-05-04,PMID32592580-05-SALM-04,Medically attended diarrhea - outpatient,Pre-school age children,12,23,1,1,Both,Molecular,,18,18,0,0.0,0.0,
PMID32592580-05,PMID32592580-05-06,PMID32592580-05-SALM-06,Medically attended diarrhea - outpatient,Pre-school age children,24,59,2,2,Both,Molecular,,3,3,0,0.0,0.0,
PMID32592580-05,PMID32592580-05-08,PMID32592580-05-SALM-08,Medically attended diarrhea - outpatient,School age children,84,108,7,9,Both,Molecular,,2,2,0,0.0,0.0,
PMID32592580-05,PMID32592580-05-10,PMID32592580-05-SALM-10,Medically attended diarrhea - outpatient,Adolescents,120,216,10,18,Both,Molecular,,4,4,0,0.0,0.0,
PMID32592580-05,PMID32592580-05-12,PMID32592580-05-SALM-12,Medically attended diarrhea - outpatient,Adults,240,1080,20,90,Both,Molecular,,48,48,2,0.0416666679084301,0.028842443600296974,
PMID32592580-06,PMID32592580-06-01,PMID32592580-06-SALM-01,Asymptomatic,Pre-school age children,0,11,0,0,Both,Molecular,,1,1,0,0.0,0.0,
PMID32592580-06,PMID32592580-06-02,PMID32592580-06-SALM-02,Medically attended diarrhea - outpatient,Pre-school age children,0,11,0,0,Both,Molecular,,143,143,1,0.00699300691485405,0.006968513131141663,
PMID32592580-06,PMID32592580-06-04,PMID32592580-06-SALM-04,Medically attended diarrhea - outpatient,Pre-school age children,12,23,1,1,Both,Molecular,,68,68,0,0.0,0.0,
PMID32592580-06,PMID32592580-06-06,PMID32592580-06-SALM-06,Medically attended diarrhea - outpatient,Pre-school age children,24,59,2,4,Both,Molecular,,18,18,0,0.0,0.0,
PMID32592580-06,PMID32592580-06-08,PMID32592580-06-SALM-08,Medically attended diarrhea - outpatient,School age children,72,84,6,7,Both,Molecular,,2,2,0,0.0,0.0,
PMID32592580-06,PMID32592580-06-10,PMID32592580-06-SALM-10,Medically attended diarrhea - outpatient,Adolescents,120,228,10,19,Both,Molecular,,11,11,0,0.0,0.0,
PMID32592580-06,PMID32592580-06-12,PMID32592580-06-SALM-12,Medically attended diarrhea - outpatient,Adults,240,960,20,80,Both,Molecular,,56,56,2,0.0357142873108387,0.02479875274002552,
PMID32592580-07,PMID32592580-07-02,PMID32592580-07-SALM-02,Medically attended diarrhea - outpatient,Pre-school age children,0,11,0,0,Both,Molecular,,77,77,0,0.0,0.0,
PMID32592580-07,PMID32592580-07-03,PMID32592580-07-SALM-03,Asymptomatic,Pre-school age children,12,23,1,1,Both,Molecular,,2,2,0,0.0,0.0,
PMID32592580-07,PMID32592580-07-04,PMID32592580-07-SALM-04,Medically attended diarrhea - outpatient,Pre-school age children,12,23,1,1,Both,Molecular,,81,81,0,0.0,0.0,
PMID32592580-07,PMID32592580-07-06,PMID32592580-07-SALM-06,Medically attended diarrhea - outpatient,Pre-school age children,24,59,2,3,Both,Molecular,,34,34,1,0.029411764815449715,0.028976010158658028,
PMID32592580-07,PMID32592580-07-08,PMID32592580-07-SALM-08,Medically attended diarrhea - outpatient,School age children,60,96,5,8,Both,Molecular,,6,6,0,0.0,0.0,
PMID32592580-07,PMID32592580-07-10,PMID32592580-07-SALM-10,Medically attended diarrhea - outpatient,Adolescents,120,228,10,19,Both,Molecular,,8,8,0,0.0,0.0,
PMID32592580-07,PMID32592580-07-12,PMID32592580-07-SALM-12,Medically attended diarrhea - outpatient,Adults,240,960,20,80,Both,Molecular,,83,83,4,0.048192769289016724,0.023508580401539803,
PMID34524885-01,PMID34524885-01-01,PMID34524885-01-SALM-01,Medically attended diarrhea - outpatient,Pre-school age children,0,11,0,0,Both,Molecular,,32,32,0,0.0,0.0,
PMID34524885-01,PMID34524885-01-02,PMID34524885-01-SALM-02,Medically attended diarrhea - outpatient,Pre-school age children,12,23,1,1,Both,Molecular,,20,20,0,0.0,0.0,
PMID34524885-01,PMID34524885-01-03,PMID34524885-01-SALM-03,Medically attended diarrhea - outpatient,Pre-school age children,24,59,2,4,Both,Molecular,,61,61,3,0.04918032884597778,0.027687253430485725,
PMID34524885-01,PMID34524885-01-04,PMID34524885-01-SALM-04,Medically attended diarrhea - outpatient,School age children,60,108,5,9,Both,Molecular,,42,42,2,0.0476190485060215,0.03286026418209076,
PMID34524885-01,PMID34524885-01-05,PMID34524885-01-SALM-05,Medically attended diarrhea - outpatient,Adolescents,120,204,10,17,Both,Molecular,,44,44,2,0.04545454680919647,0.03140224143862724,
PMID34524885-02,PMID34524885-02-01,PMID34524885-02-SALM-01,Medically attended diarrhea - outpatient,Pre-school age children,0,11,0,0,Both,Molecular,,8,8,0,0.0,0.0,
PMID34524885-02,PMID34524885-02-02,PMID34524885-02-SALM-02,Medically attended diarrhea - outpatient,Pre-school age children,12,23,1,1,Both,Molecular,,34,34,0,0.0,0.0,
PMID34524885-02,PMID34524885-02-03,PMID34524885-02-SALM-03,Medically attended diarrhea - outpatient,Pre-school age children,24,59,2,4,Both,Molecular,,51,51,3,0.05882352963089943,0.03294776752591133,
PMID34524885-02,PMID34524885-02-04,PMID34524885-02-SALM-04,Medically attended diarrhea - outpatient,School age children,60,108,5,9,Both,Molecular,,34,34,0,0.0,0.0,
PMID34524885-02,PMID34524885-02-05,PMID34524885-02-SALM-05,Medically attended diarrhea - outpatient,Adolescents,120,204,10,17,Both,Molecular,,12,12,0,0.0,0.0,
PMID34587158-01,PMID34587158-01-01,PMID34587158-01-SALM-01,Asymptomatic,Pre-school age children,1,11,0,1,Both,Molecular,,83,81,2,0.02469135820865631,0.01724253036081791,
PMID34587158-01,PMID34587158-01-02,PMID34587158-01-SALM-02,Medically attended diarrhea - outpatient,Pre-school age children,0,11,0,1,Both,Molecular,,84,82,4,0.04878048598766327,0.02378792315721512,
PMID34587158-01,PMID34587158-01-03,PMID34587158-01-SALM-03,Asymptomatic,Pre-school age children,12,23,1,2,Both,Molecular,,56,55,1,0.0181818176060915,0.018015770241618156,
PMID34587158-01,PMID34587158-01-04,PMID34587158-01-SALM-04,Medically attended diarrhea - outpatient,Pre-school age children,12,23,1,2,Both,Molecular,,90,90,1,0.011111111380159855,0.011049210093915462,
PMID34587158-01,PMID34587158-01-05,PMID34587158-01-SALM-05,Asymptomatic,Pre-school age children,24,59,2,5,Both,Molecular,,61,61,3,0.04918032884597778,0.027687253430485725,
PMID34587158-01,PMID34587158-01-06,PMID34587158-01-SALM-06,Medically attended diarrhea - outpatient,Pre-school age children,24,54,2,5,Both,Molecular,,55,55,0,0.0,0.0,
PMID35802561-01,PMID35802561-01-01,PMID35802561-01-SALM-01,Asymptomatic,Pre-school age children,6,11,0,0,Both,Molecular,,19,19,0,0.0,0.0,
PMID35802561-01,PMID35802561-01-02,PMID35802561-01-SALM-02,Asymptomatic,Pre-school age children,12,23,1,1,Both,Molecular,,41,41,0,0.0,0.0,
PMID35802561-01,PMID35802561-01-03,PMID35802561-01-SALM-03,Asymptomatic,Pre-school age children,24,59,2,4,Both,Molecular,,31,31,0,0.0,0.0,
PMID35802561-02,PMID35802561-02-01,PMID35802561-02-SALM-01,Asymptomatic,Pre-school age children,7,11,0,0,Both,Molecular,,11,11,1,0.09090909361839294,0.0866784155368805,
PMID35802561-02,PMID35802561-02-02,PMID35802561-02-SALM-02,Asymptomatic,Pre-school age children,12,23,1,1,Both,Molecular,,55,55,0,0.0,0.0,
PMID35802561-02,PMID35802561-02-03,PMID35802561-02-SALM-03,Asymptomatic,Pre-school age children,24,59,2,4,Both,Molecular,,107,107,1,0.009345794096589088,0.009302020072937012,
PMID35915480-01,PMID35915480-01-01,PMID35915480-01-SALM-01,Medically attended diarrhea - inpatient,Pre-school age children,0,11,0,0,Both,Molecular,,122,122,2,0.016393441706895828,0.011496505700051785,
PMID35915480-01,PMID35915480-01-02,PMID35915480-01-SALM-02,Medically attended diarrhea - inpatient,Pre-school age children,12,23,1,1,Both,Molecular,,63,63,1,0.01587301678955555,0.01574653573334217,
PMID35915480-01,PMID35915480-01-03,PMID35915480-01-SALM-03,Medically attended diarrhea - inpatient,Pre-school age children,24,57,2,4,Both,Molecular,,29,29,0,0.0,0.0,
PMID35915480-01,PMID35915480-01-04,PMID35915480-01-SALM-04,Medically attended diarrhea - inpatient,School age children,63,116,5,9,Both,Molecular,,15,15,2,0.13333334028720856,0.0877707451581955,
PMID35915480-01,PMID35915480-01-05,PMID35915480-01-SALM-05,Medically attended diarrhea - inpatient,Adolescents,123,153,10,13,Both,Molecular,,4,4,0,0.0,0.0,
PMID35915480-02,PMID35915480-02-01,PMID35915480-02-SALM-01,Medically attended diarrhea - inpatient,Pre-school age children,1,11,0,0,Both,Molecular,,185,185,5,0.027027027681469917,0.011922399513423443,
PMID35915480-02,PMID35915480-02-02,PMID35915480-02-SALM-02,Medically attended diarrhea - inpatient,Pre-school age children,12,23,1,1,Both,Molecular,,152,152,3,0.019736841320991516,0.011282059364020824,
PMID35915480-02,PMID35915480-02-03,PMID35915480-02-SALM-03,Medically attended diarrhea - inpatient,Pre-school age children,24,55,2,4,Both,Molecular,,75,75,3,0.03999999910593033,0.022627416998147964,
PMID35915480-02,PMID35915480-02-04,PMID35915480-02-SALM-04,Medically attended diarrhea - inpatient,School age children,61,119,5,9,Both,Molecular,,32,32,0,0.0,0.0,
PMID35915480-02,PMID35915480-02-05,PMID35915480-02-SALM-05,Medically attended diarrhea - inpatient,Adolescents,122,154,10,13,Both,Molecular,,13,13,0,0.0,0.0,
