SITE_ID,EST_ID,SAPO_EST_ID,SAPO_SYNDROME,SAPO_AGE_GROUP,SAPO_AGE_LB_MON,SAPO_AGE_UB_MON,SAPO_AGE_LB_YR,SAPO_AGE_UB_YR,SAPO_SEX,SAPO_DX,SAPO_STRAIN,SAPO_SUBJECTS,SAPO_SAMPLES,SAPO_CASES,SAPO_PREV,SAPO_SE,SAPO_NOTES
PMID27673470-01,PMID27673470-01-01,PMID27673470-01-SAPO-01,Asymptomatic,Pre-school age children,0.0,11,0.0,0.0,Both,Molecular,,878,299,29,0.09698996692895889,0.01711488887667656,
PMID27673470-01,PMID27673470-01-02,PMID27673470-01-SAPO-02,Medically attended diarrhea - outpatient,Pre-school age children,0.0,11,0.0,0.0,Both,Molecular,,550,299,24,0.08026755601167679,0.015713220462203026,
PMID27673470-01,PMID27673470-01-03,PMID27673470-01-SAPO-03,Asymptomatic,Pre-school age children,12.0,23,1.0,1.0,Both,Molecular,,761,295,40,0.1355932205915451,0.019932743161916733,
PMID27673470-01,PMID27673470-01-04,PMID27673470-01-SAPO-04,Medically attended diarrhea - outpatient,Pre-school age children,12.0,23,1.0,1.0,Both,Molecular,,476,300,38,0.12666666507720947,0.019202623516321182,
PMID27673470-01,PMID27673470-01-05,PMID27673470-01-SAPO-05,Asymptomatic,Pre-school age children,24.0,59,2.0,4.0,Both,Molecular,,826,299,17,0.0568561889231205,0.013391900807619095,
PMID27673470-01,PMID27673470-01-06,PMID27673470-01-SAPO-06,Medically attended diarrhea - outpatient,Pre-school age children,24.0,59,2.0,4.0,Both,Molecular,,368,297,35,0.11784511804580688,0.0187089741230011,
PMID27673470-02,PMID27673470-02-01,PMID27673470-02-SAPO-01,Asymptomatic,Pre-school age children,0.0,11,0.0,0.0,Both,Molecular,,685,286,29,0.10139860212802887,0.017849108204245567,
PMID27673470-02,PMID27673470-02-02,PMID27673470-02-SAPO-02,Medically attended diarrhea - outpatient,Pre-school age children,0.0,11,0.0,0.0,Both,Molecular,,672,287,36,0.12543554604053497,0.019550833851099014,
PMID27673470-02,PMID27673470-02-03,PMID27673470-02-SAPO-03,Asymptomatic,Pre-school age children,12.0,23,1.0,1.0,Both,Molecular,,598,295,25,0.08474576473236084,0.016215071082115173,
PMID27673470-02,PMID27673470-02-04,PMID27673470-02-SAPO-04,Medically attended diarrhea - outpatient,Pre-school age children,12.0,23,1.0,1.0,Both,Molecular,,588,300,58,0.19333332777023315,0.022800259292125702,
PMID27673470-02,PMID27673470-02-05,PMID27673470-02-SAPO-05,Asymptomatic,Pre-school age children,24.0,59,2.0,4.0,Both,Molecular,,731,293,17,0.05802047625184059,0.013657700270414352,
PMID27673470-02,PMID27673470-02-06,PMID27673470-02-SAPO-06,Medically attended diarrhea - outpatient,Pre-school age children,24.0,59,2.0,4.0,Both,Molecular,,308,295,36,0.12203390151262283,0.01905759610235691,
PMID27673470-03,PMID27673470-03-01,PMID27673470-03-SAPO-01,Asymptomatic,Pre-school age children,0.0,11,0.0,0.0,Both,Molecular,,673,297,30,0.10101009905338287,0.017485642805695534,
PMID27673470-03,PMID27673470-03-02,PMID27673470-03-SAPO-02,Medically attended diarrhea - outpatient,Pre-school age children,0.0,11,0.0,0.0,Both,Molecular,,673,309,35,0.11326860636472702,0.018028996884822845,
PMID27673470-03,PMID27673470-03-03,PMID27673470-03-SAPO-03,Asymptomatic,Pre-school age children,12.0,23,1.0,1.0,Both,Molecular,,621,295,32,0.10847457498311996,0.01810588873922825,
PMID27673470-03,PMID27673470-03-04,PMID27673470-03-SAPO-04,Medically attended diarrhea - outpatient,Pre-school age children,12.0,23,1.0,1.0,Both,Molecular,,410,301,41,0.13621261715888977,0.01977100968360901,
PMID27673470-03,PMID27673470-03-05,PMID27673470-03-SAPO-05,Asymptomatic,Pre-school age children,24.0,59,2.0,4.0,Both,Molecular,,589,293,15,0.05119453743100166,0.012875573709607124,
PMID27673470-03,PMID27673470-03-06,PMID27673470-03-SAPO-06,Medically attended diarrhea - outpatient,Pre-school age children,24.0,59,2.0,4.0,Both,Molecular,,393,299,26,0.08695652335882187,0.016295257955789566,
PMID27673470-04,PMID27673470-04-01,PMID27673470-04-SAPO-01,Asymptomatic,Pre-school age children,0.0,11,0.0,0.0,Both,Molecular,,727,300,47,0.15666666626930237,0.020985886454582214,
PMID27673470-04,PMID27673470-04-02,PMID27673470-04-SAPO-02,Medically attended diarrhea - outpatient,Pre-school age children,0.0,11,0.0,0.0,Both,Molecular,,727,303,43,0.14191418886184692,0.020047349855303764,
PMID27673470-04,PMID27673470-04-03,PMID27673470-04-SAPO-03,Asymptomatic,Pre-school age children,12.0,23,1.0,1.0,Both,Molecular,,695,296,46,0.15540540218353271,0.021057719364762306,
PMID27673470-04,PMID27673470-04-04,PMID27673470-04-SAPO-04,Medically attended diarrhea - outpatient,Pre-school age children,12.0,23,1.0,1.0,Both,Molecular,,682,298,53,0.1778523474931717,0.022151164710521698,
PMID27673470-04,PMID27673470-04-05,PMID27673470-04-SAPO-05,Asymptomatic,Pre-school age children,24.0,59,2.0,4.0,Both,Molecular,,642,282,24,0.08510638028383255,0.016616586595773697,
PMID27673470-04,PMID27673470-04-06,PMID27673470-04-SAPO-06,Medically attended diarrhea - outpatient,Pre-school age children,24.0,59,2.0,4.0,Both,Molecular,,624,282,25,0.08865248411893845,0.01692633330821991,
PMID27673470-05,PMID27673470-05-01,PMID27673470-05-SAPO-01,Asymptomatic,Pre-school age children,0.0,11,0.0,0.0,Both,Molecular,,696,265,28,0.10566037893295288,0.018883582204580307,
PMID27673470-05,PMID27673470-05-02,PMID27673470-05-SAPO-02,Medically attended diarrhea - outpatient,Pre-school age children,0.0,11,0.0,0.0,Both,Molecular,,374,265,24,0.09056603908538818,0.0176297165453434,
PMID27673470-05,PMID27673470-05-03,PMID27673470-05-SAPO-03,Asymptomatic,Pre-school age children,12.0,23,1.0,1.0,Both,Molecular,,391,158,25,0.1582278460264206,0.029034221544861794,
PMID27673470-05,PMID27673470-05-04,PMID27673470-05-SAPO-04,Medically attended diarrhea - outpatient,Pre-school age children,12.0,23,1.0,1.0,Both,Molecular,,195,157,29,0.18471337854862213,0.030970947816967964,
PMID27673470-05,PMID27673470-05-05,PMID27673470-05-SAPO-05,Asymptomatic,Pre-school age children,24.0,59,2.0,4.0,Both,Molecular,,208,93,4,0.04301075264811516,0.021037811413407326,
PMID27673470-05,PMID27673470-05-06,PMID27673470-05-SAPO-06,Medically attended diarrhea - outpatient,Pre-school age children,24.0,59,2.0,4.0,Both,Molecular,,112,89,10,0.11235955357551575,0.033475611358881,
PMID27673470-06,PMID27673470-06-01,PMID27673470-06-SAPO-01,Asymptomatic,Pre-school age children,0.0,11,0.0,0.0,Both,Molecular,,633,296,48,0.1621621549129486,0.021424410864710808,
PMID27673470-06,PMID27673470-06-02,PMID27673470-06-SAPO-02,Medically attended diarrhea - outpatient,Pre-school age children,0.0,11,0.0,0.0,Both,Molecular,,633,307,68,0.22149837017059326,0.023699862882494926,
PMID27673470-06,PMID27673470-06-03,PMID27673470-06-SAPO-03,Asymptomatic,Pre-school age children,12.0,23,1.0,1.0,Both,Molecular,,676,300,58,0.19333332777023315,0.022800259292125702,
PMID27673470-06,PMID27673470-06-04,PMID27673470-06-SAPO-04,Medically attended diarrhea - outpatient,Pre-school age children,12.0,23,1.0,1.0,Both,Molecular,,399,300,69,0.23000000417232513,0.024296775460243225,
PMID27673470-06,PMID27673470-06-05,PMID27673470-06-SAPO-05,Asymptomatic,Pre-school age children,24.0,59,2.0,4.0,Both,Molecular,,529,226,29,0.12831857800483704,0.022246897220611572,
PMID27673470-06,PMID27673470-06-06,PMID27673470-06-SAPO-06,Medically attended diarrhea - outpatient,Pre-school age children,24.0,59,2.0,4.0,Both,Molecular,,226,225,34,0.15111111104488373,0.02387714385986328,
PMID27673470-07,PMID27673470-07-01,PMID27673470-07-SAPO-01,Asymptomatic,Pre-school age children,0.0,11,0.0,0.0,Both,Molecular,,585,298,47,0.15771812200546265,0.021113555878400803,
PMID27673470-07,PMID27673470-07-02,PMID27673470-07-SAPO-02,Medically attended diarrhea - outpatient,Pre-school age children,0.0,11,0.0,0.0,Both,Molecular,,400,303,41,0.13531352579593658,0.01965072751045227,
PMID27673470-07,PMID27673470-07-03,PMID27673470-07-SAPO-03,Asymptomatic,Pre-school age children,12.0,23,1.0,1.0,Both,Molecular,,639,300,42,0.14000000059604645,0.020033305510878563,
PMID27673470-07,PMID27673470-07-04,PMID27673470-07-SAPO-04,Medically attended diarrhea - outpatient,Pre-school age children,12.0,23,1.0,1.0,Both,Molecular,,455,308,41,0.13311688601970673,0.01935626193881035,
PMID27673470-07,PMID27673470-07-05,PMID27673470-07-SAPO-05,Asymptomatic,Pre-school age children,24.0,59,2.0,4.0,Both,Molecular,,345,161,15,0.09316769987344742,0.022907791659235954,
PMID27673470-07,PMID27673470-07-06,PMID27673470-07-SAPO-06,Medically attended diarrhea - outpatient,Pre-school age children,24.0,59,2.0,4.0,Both,Molecular,,174,161,15,0.09316769987344742,0.022907791659235954,
PMID28575304-01,PMID28575304-01-01,PMID28575304-01-SAPO-01,Medically attended diarrhea - outpatient,Pre-school age children,2.0,11,0.0,0.0,Both,Molecular,,147,147,30,0.20408163964748383,0.03324126824736595,
PMID28575304-01,PMID28575304-01-02,PMID28575304-01-SAPO-02,Medically attended diarrhea - outpatient,Pre-school age children,12.0,23,1.0,1.0,Both,Molecular,,80,80,13,0.16249999403953552,0.04124526306986809,
PMID28575304-01,PMID28575304-01-03,PMID28575304-01-SAPO-03,Medically attended diarrhea - outpatient,Pre-school age children,26.0,59,2.0,4.0,Both,Molecular,,6,6,0,0.0,0.0,
PMID28885460-01,PMID28885460-01-01,PMID28885460-01-SAPO-01,Asymptomatic,Pre-school age children,0.5,11,0.5,11.630390167236328,Both,Molecular,,49,49,1,0.020408162847161293,0.020198842510581017,
PMID28885460-01,PMID28885460-01-02,PMID28885460-01-SAPO-02,Asymptomatic,Pre-school age children,12.418890953063965,23,12.418890953063965,22.702259063720703,Both,Molecular,,26,26,2,0.07692307978868484,0.052258942276239395,
PMID28885460-01,PMID28885460-01-03,PMID28885460-01-SAPO-03,Asymptomatic,Pre-school age children,24.213552474975586,59,24.213552474975586,58.5,Both,Molecular,,21,21,0,0.0,0.0,
PMID28885460-01,PMID28885460-01-04,PMID28885460-01-SAPO-04,Medically attended diarrhea - outpatient,Pre-school age children,0.19712525606155396,11,0.19712525606155396,11.663244247436523,Both,Molecular,,45,45,6,0.13333334028720856,0.05067446455359459,
PMID28885460-01,PMID28885460-01-05,PMID28885460-01-SAPO-05,Medically attended diarrhea - outpatient,Pre-school age children,12.12320327758789,23,12.12320327758789,23.457904815673828,Both,Molecular,,32,32,5,0.15625,0.06418623775243759,
PMID28885460-01,PMID28885460-01-06,PMID28885460-01-SAPO-06,Medically attended diarrhea - outpatient,Pre-school age children,24.24640655517578,59,24.24640655517578,53.19096374511719,Both,Molecular,,21,21,1,0.0476190485060215,0.046471431851387024,
PMID30287127-01,PMID30287127-01-01,PMID30287127-01-SAPO-01,Asymptomatic,Pre-school age children,0.0,11,0.0,0.0,Both,Molecular,,210,416,64,0.1538461595773697,0.01768973469734192,
PMID30287127-01,PMID30287127-01-02,PMID30287127-01-SAPO-02,Community detected diarrhea,Pre-school age children,0.0,11,0.0,0.0,Both,Molecular,,190,308,86,0.2792207896709442,0.025562282651662827,
PMID30287127-01,PMID30287127-01-03,PMID30287127-01-SAPO-03,Asymptomatic,Pre-school age children,12.0,23,1.0,1.0,Both,Molecular,,210,415,83,0.20000000298023224,0.01963522844016552,
PMID30287127-01,PMID30287127-01-04,PMID30287127-01-SAPO-04,Community detected diarrhea,Pre-school age children,12.0,23,1.0,1.0,Both,Molecular,,181,297,87,0.2929292917251587,0.026407944038510323,
PMID30287127-01,PMID30287127-01-05,PMID30287127-01-SAPO-05,Asymptomatic,Pre-school age children,24.0,59,2.0,4.0,Both,Molecular,,136,167,13,0.07784431427717209,0.02073276974260807,
PMID30287127-01,PMID30287127-01-06,PMID30287127-01-SAPO-06,Community detected diarrhea,Pre-school age children,24.0,59,2.0,4.0,Both,Molecular,,13,13,2,0.1538461595773697,0.10006825625896454,
PMID30287127-02,PMID30287127-02-01,PMID30287127-02-SAPO-01,Asymptomatic,Pre-school age children,0.0,11,0.0,0.0,Both,Molecular,,165,324,6,0.018518518656492233,0.0074898251332342625,
PMID30287127-02,PMID30287127-02-02,PMID30287127-02-SAPO-02,Community detected diarrhea,Pre-school age children,0.0,11,0.0,0.0,Both,Molecular,,25,24,1,0.0416666679084301,0.04078937694430351,
PMID30287127-02,PMID30287127-02-03,PMID30287127-02-SAPO-03,Asymptomatic,Pre-school age children,12.0,23,1.0,1.0,Both,Molecular,,165,316,14,0.04430379718542099,0.011575423181056976,
PMID30287127-02,PMID30287127-02-04,PMID30287127-02-SAPO-04,Community detected diarrhea,Pre-school age children,12.0,23,1.0,1.0,Both,Molecular,,52,53,9,0.16981132328510284,0.051574353128671646,
PMID30287127-02,PMID30287127-02-05,PMID30287127-02-SAPO-05,Asymptomatic,Pre-school age children,24.0,59,2.0,4.0,Both,Molecular,,97,89,6,0.06741572916507721,0.026578450575470924,
PMID30287127-02,PMID30287127-02-06,PMID30287127-02-SAPO-06,Community detected diarrhea,Pre-school age children,24.0,59,2.0,4.0,Both,Molecular,,6,6,1,0.1666666716337204,0.1521451622247696,
PMID30287127-03,PMID30287127-03-01,PMID30287127-03-SAPO-01,Asymptomatic,Pre-school age children,0.0,11,0.0,0.0,Both,Molecular,,227,450,49,0.1088888868689537,0.014684239402413368,
PMID30287127-03,PMID30287127-03-02,PMID30287127-03-SAPO-02,Community detected diarrhea,Pre-school age children,0.0,11,0.0,0.0,Both,Molecular,,165,238,63,0.2647058963775635,0.02859722450375557,
PMID30287127-03,PMID30287127-03-03,PMID30287127-03-SAPO-03,Asymptomatic,Pre-school age children,12.0,23,1.0,1.0,Both,Molecular,,227,442,72,0.16289593279361725,0.01756441593170166,
PMID30287127-03,PMID30287127-03-04,PMID30287127-03-SAPO-04,Community detected diarrhea,Pre-school age children,12.0,23,1.0,1.0,Both,Molecular,,134,153,47,0.30718955397605896,0.03729621320962906,
PMID30287127-03,PMID30287127-03-05,PMID30287127-03-SAPO-05,Asymptomatic,Pre-school age children,24.0,59,2.0,4.0,Both,Molecular,,144,167,16,0.09580838680267334,0.022775806486606598,
PMID30287127-03,PMID30287127-03-06,PMID30287127-03-SAPO-06,Community detected diarrhea,Pre-school age children,24.0,59,2.0,4.0,Both,Molecular,,7,7,1,0.1428571492433548,0.1322600096464157,
PMID30287127-04,PMID30287127-04-01,PMID30287127-04-SAPO-01,Asymptomatic,Pre-school age children,0.0,11,0.0,0.0,Both,Molecular,,227,451,22,0.04878048598766327,0.010143204592168331,
PMID30287127-04,PMID30287127-04-02,PMID30287127-04-SAPO-02,Community detected diarrhea,Pre-school age children,0.0,11,0.0,0.0,Both,Molecular,,182,268,33,0.12313432991504669,0.020071910694241524,
PMID30287127-04,PMID30287127-04-03,PMID30287127-04-SAPO-03,Asymptomatic,Pre-school age children,12.0,23,1.0,1.0,Both,Molecular,,227,454,67,0.14757709205150604,0.016645969823002815,
PMID30287127-04,PMID30287127-04-04,PMID30287127-04-SAPO-04,Community detected diarrhea,Pre-school age children,12.0,23,1.0,1.0,Both,Molecular,,173,245,71,0.2897959053516388,0.02898375689983368,
PMID30287127-04,PMID30287127-04-05,PMID30287127-04-SAPO-05,Asymptomatic,Pre-school age children,24.0,59,2.0,4.0,Both,Molecular,,170,210,12,0.05714285746216774,0.016017483547329903,
PMID30287127-04,PMID30287127-04-06,PMID30287127-04-SAPO-06,Community detected diarrhea,Pre-school age children,24.0,59,2.0,4.0,Both,Molecular,,2,2,0,0.0,0.0,
PMID30287127-05,PMID30287127-05-01,PMID30287127-05-SAPO-01,Asymptomatic,Pre-school age children,0.0,11,0.0,0.0,Both,Molecular,,245,488,71,0.1454918086528778,0.01596127077937126,
PMID30287127-05,PMID30287127-05-02,PMID30287127-05-SAPO-02,Community detected diarrhea,Pre-school age children,0.0,11,0.0,0.0,Both,Molecular,,226,390,79,0.20256410539150238,0.02035151980817318,
PMID30287127-05,PMID30287127-05-03,PMID30287127-05-SAPO-03,Asymptomatic,Pre-school age children,12.0,23,1.0,1.0,Both,Molecular,,246,490,92,0.18775510787963867,0.017641736194491386,
PMID30287127-05,PMID30287127-05-04,PMID30287127-05-SAPO-04,Community detected diarrhea,Pre-school age children,12.0,23,1.0,1.0,Both,Molecular,,190,280,74,0.26428571343421936,0.02635193057358265,
PMID30287127-05,PMID30287127-05-05,PMID30287127-05-SAPO-05,Asymptomatic,Pre-school age children,24.0,59,2.0,4.0,Both,Molecular,,92,101,14,0.13861386477947235,0.03438282757997513,
PMID30287127-05,PMID30287127-05-06,PMID30287127-05-SAPO-06,Community detected diarrhea,Pre-school age children,24.0,59,2.0,4.0,Both,Molecular,,7,7,3,0.4285714328289032,0.1870439052581787,
PMID30287127-06,PMID30287127-06-01,PMID30287127-06-SAPO-01,Asymptomatic,Pre-school age children,0.0,11,0.0,0.0,Both,Molecular,,194,388,47,0.12113402038812637,0.0165645070374012,
PMID30287127-06,PMID30287127-06-02,PMID30287127-06-SAPO-02,Community detected diarrhea,Pre-school age children,0.0,11,0.0,0.0,Both,Molecular,,178,298,55,0.1845637559890747,0.02247294969856739,
PMID30287127-06,PMID30287127-06-03,PMID30287127-06-SAPO-03,Asymptomatic,Pre-school age children,12.0,23,1.0,1.0,Both,Molecular,,194,388,77,0.1984536051750183,0.02024780586361885,
PMID30287127-06,PMID30287127-06-04,PMID30287127-06-SAPO-04,Community detected diarrhea,Pre-school age children,12.0,23,1.0,1.0,Both,Molecular,,182,312,107,0.34294870495796204,0.02687428519129753,
PMID30287127-06,PMID30287127-06-05,PMID30287127-06-SAPO-05,Asymptomatic,Pre-school age children,24.0,59,2.0,4.0,Both,Molecular,,142,173,15,0.08670520037412643,0.0213946420699358,
PMID30287127-06,PMID30287127-06-06,PMID30287127-06-SAPO-06,Community detected diarrhea,Pre-school age children,24.0,59,2.0,4.0,Both,Molecular,,20,19,3,0.15789473056793213,0.08365467190742493,
PMID30287127-07,PMID30287127-07-01,PMID30287127-07-SAPO-01,Asymptomatic,Pre-school age children,0.0,11,0.0,0.0,Both,Molecular,,237,455,36,0.07912088185548782,0.012654389254748821,
PMID30287127-07,PMID30287127-07-02,PMID30287127-07-SAPO-02,Community detected diarrhea,Pre-school age children,0.0,11,0.0,0.0,Both,Molecular,,54,49,5,0.10204081982374191,0.04324313998222351,
PMID30287127-07,PMID30287127-07-03,PMID30287127-07-SAPO-03,Asymptomatic,Pre-school age children,12.0,23,1.0,1.0,Both,Molecular,,237,444,46,0.10360360145568848,0.014462587423622608,
PMID30287127-07,PMID30287127-07-04,PMID30287127-07-SAPO-04,Community detected diarrhea,Pre-school age children,12.0,23,1.0,1.0,Both,Molecular,,50,54,10,0.18518517911434174,0.052861038595438004,
PMID30287127-07,PMID30287127-07-05,PMID30287127-07-SAPO-05,Asymptomatic,Pre-school age children,24.0,59,2.0,4.0,Both,Molecular,,98,105,8,0.07619047909975052,0.025890886783599854,
PMID30287127-07,PMID30287127-07-06,PMID30287127-07-SAPO-06,Community detected diarrhea,Pre-school age children,24.0,59,2.0,4.0,Both,Molecular,,1,1,1,1.0,0.0,
PMID30287127-08,PMID30287127-08-01,PMID30287127-08-SAPO-01,Asymptomatic,Pre-school age children,0.0,11,0.0,0.0,Both,Molecular,,209,413,49,0.11864406615495682,0.01591195911169052,
PMID30287127-08,PMID30287127-08-02,PMID30287127-08-SAPO-02,Community detected diarrhea,Pre-school age children,0.0,11,0.0,0.0,Both,Molecular,,80,96,15,0.15625,0.037057939916849136,
PMID30287127-08,PMID30287127-08-03,PMID30287127-08-SAPO-03,Asymptomatic,Pre-school age children,12.0,23,1.0,1.0,Both,Molecular,,209,411,56,0.13625304400920868,0.01692175678908825,
PMID30287127-08,PMID30287127-08-04,PMID30287127-08-SAPO-04,Community detected diarrhea,Pre-school age children,12.0,23,1.0,1.0,Both,Molecular,,39,39,13,0.3333333432674408,0.07548513263463974,
PMID30287127-08,PMID30287127-08-05,PMID30287127-08-SAPO-05,Asymptomatic,Pre-school age children,24.0,59,2.0,4.0,Both,Molecular,,161,215,13,0.060465116053819656,0.016255101189017296,
PMID31004129-01,PMID31004129-01-01,PMID31004129-01-SAPO-01,Community detected diarrhea,Pre-school age children,0.0,11,0.0,1.0,Both,Molecular,,908,1590,90,0.056603774428367615,0.0057952371425926685,
PMID31004129-01,PMID31004129-01-02,PMID31004129-01-SAPO-02,,Pre-school age children,3.0,11,0.0,1.0,Both,Molecular,,106,106,9,0.08490566164255142,0.02707374468445778,
PMID31004129-01,PMID31004129-01-03,PMID31004129-01-SAPO-03,Community detected diarrhea,Pre-school age children,12.0,18,1.0,2.0,Both,Molecular,,623,623,45,0.07223113626241684,0.010371416807174683,
PMID31004129-01,PMID31004129-01-04,PMID31004129-01-SAPO-04,,Pre-school age children,12.0,19,1.0,2.0,Both,Molecular,,53,53,11,0.2075471729040146,0.05570666864514351,
PMID31064387-01,PMID31064387-01-01,PMID31064387-01-SAPO-01,Asymptomatic,Pre-school age children,0.0,11,0.0,0.0,Both,Molecular,,4,4,0,0.0,0.0,
PMID31064387-01,PMID31064387-01-02,PMID31064387-01-SAPO-02,Asymptomatic,Pre-school age children,12.0,23,1.0,1.0,Both,Molecular,,27,27,2,0.07407407462596893,0.050401024520397186,
PMID31064387-01,PMID31064387-01-03,PMID31064387-01-SAPO-03,Asymptomatic,Pre-school age children,24.0,59,2.0,4.0,Both,Molecular,,189,189,6,0.0317460335791111,0.012752885930240154,
PMID31064387-01,PMID31064387-01-04,PMID31064387-01-SAPO-04,Asymptomatic,School age children,60.0,107,5.0,9.0,Both,Molecular,,233,233,4,0.017167381942272186,0.008509691804647446,
PMID31064387-01,PMID31064387-01-05,PMID31064387-01-SAPO-05,Asymptomatic,Adolescents,120.0,215,10.0,18.0,Both,Molecular,,140,140,2,0.014285714365541935,0.010029111988842487,
PMID31064387-01,PMID31064387-01-06,PMID31064387-01-SAPO-06,Asymptomatic,Adults,240.0,935,20.0,78.0,Both,Molecular,,297,297,1,0.003367003286257386,0.003361330134794116,
PMID31754717-01,PMID31754717-01-01,PMID31754717-01-SAPO-01,Asymptomatic,Pre-school age children,2.0,11,0.0,0.0,Both,Molecular,,26,26,2,0.07692307978868484,0.052258942276239395,
PMID31754717-01,PMID31754717-01-02,PMID31754717-01-SAPO-02,Asymptomatic,Pre-school age children,12.0,18,1.0,1.0,Both,Molecular,,7,7,0,0.0,0.0,
PMID31754717-02,PMID31754717-02-01,PMID31754717-02-SAPO-01,Asymptomatic,Pre-school age children,1.0,11,0.0,0.0,Both,Molecular,,61,61,5,0.08196721225976944,0.035122405737638474,
PMID31754717-02,PMID31754717-02-02,PMID31754717-02-SAPO-02,Asymptomatic,Pre-school age children,12.0,23,1.0,1.0,Both,Molecular,,39,39,8,0.20512820780277252,0.0646589919924736,
PMID31754717-03,PMID31754717-03-01,PMID31754717-03-SAPO-01,Asymptomatic,Pre-school age children,2.0,11,0.0,0.0,Both,Molecular,,67,67,11,0.16417910158634186,0.04525620490312576,
PMID31754717-03,PMID31754717-03-02,PMID31754717-03-SAPO-02,Asymptomatic,Pre-school age children,12.0,16,1.0,1.0,Both,Molecular,,6,6,1,0.1666666716337204,0.1521451622247696,
PMID31754717-04,PMID31754717-04-01,PMID31754717-04-SAPO-01,Asymptomatic,Pre-school age children,0.0,11,0.0,0.0,Both,Molecular,,91,91,2,0.021978022530674934,0.015369081869721413,
PMID31754717-04,PMID31754717-04-02,PMID31754717-04-SAPO-02,Asymptomatic,Pre-school age children,12.0,23,1.0,1.0,Both,Molecular,,97,97,4,0.04123711213469505,0.0201889555901289,
PMID32592580-01,PMID32592580-01-01,PMID32592580-01-SAPO-01,Asymptomatic,Pre-school age children,0.0,11,0.0,0.0,Both,Molecular,,171,171,33,0.19298245012760162,0.030178826302289963,
PMID32592580-01,PMID32592580-01-02,PMID32592580-01-SAPO-02,Medically attended diarrhea - outpatient,Pre-school age children,0.0,11,0.0,0.0,Both,Molecular,,1055,1055,120,0.11374407261610031,0.00977502204477787,
PMID32592580-01,PMID32592580-01-03,PMID32592580-01-SAPO-03,Asymptomatic,Pre-school age children,12.0,23,1.0,1.0,Both,Molecular,,118,118,20,0.16949152946472168,0.034538622945547104,
PMID32592580-01,PMID32592580-01-04,PMID32592580-01-SAPO-04,Medically attended diarrhea - outpatient,Pre-school age children,12.0,23,1.0,1.0,Both,Molecular,,482,482,42,0.08713693171739578,0.012846370227634907,
PMID32592580-01,PMID32592580-01-05,PMID32592580-01-SAPO-05,Asymptomatic,Pre-school age children,24.0,59,2.0,4.0,Both,Molecular,,33,33,4,0.12121212482452393,0.05681435763835907,
PMID32592580-01,PMID32592580-01-06,PMID32592580-01-SAPO-06,Medically attended diarrhea - outpatient,Pre-school age children,24.0,59,2.0,4.0,Both,Molecular,,140,140,15,0.1071428582072258,0.026140181347727776,
PMID32592580-01,PMID32592580-01-07,PMID32592580-01-SAPO-07,Asymptomatic,School age children,60.0,108,5.0,9.0,Both,Molecular,,15,15,0,0.0,0.0,
PMID32592580-01,PMID32592580-01-08,PMID32592580-01-SAPO-08,Medically attended diarrhea - outpatient,School age children,60.0,108,5.0,9.0,Both,Molecular,,75,75,3,0.03999999910593033,0.022627416998147964,
PMID32592580-01,PMID32592580-01-09,PMID32592580-01-SAPO-09,Asymptomatic,Adolescents,120.0,228,10.0,19.0,Both,Molecular,,34,34,3,0.0882352963089943,0.048643309623003006,
PMID32592580-01,PMID32592580-01-10,PMID32592580-01-SAPO-10,Medically attended diarrhea - outpatient,Adolescents,120.0,228,10.0,19.0,Both,Molecular,,203,203,9,0.04433497413992882,0.014447012916207314,
PMID32592580-01,PMID32592580-01-11,PMID32592580-01-SAPO-11,Asymptomatic,Adults,240.0,1056,20.0,88.0,Both,Molecular,,248,248,7,0.02822580561041832,0.010516712442040443,
PMID32592580-01,PMID32592580-01-12,PMID32592580-01-SAPO-12,Medically attended diarrhea - outpatient,Adults,240.0,1140,20.0,95.0,Both,Molecular,,1711,1711,51,0.029807129874825478,0.004111157264560461,
PMID32592580-02,PMID32592580-02-01,PMID32592580-02-SAPO-01,Asymptomatic,Pre-school age children,0.0,11,0.0,0.0,Both,Molecular,,33,33,2,0.06060606241226196,0.04153602570295334,
PMID32592580-02,PMID32592580-02-02,PMID32592580-02-SAPO-02,Medically attended diarrhea - outpatient,Pre-school age children,0.0,11,0.0,0.0,Both,Molecular,,47,47,3,0.06382978707551956,0.03565661981701851,
PMID32592580-02,PMID32592580-02-03,PMID32592580-02-SAPO-03,Asymptomatic,Pre-school age children,12.0,23,1.0,1.0,Both,Molecular,,13,13,2,0.1538461595773697,0.10006825625896454,
PMID32592580-02,PMID32592580-02-04,PMID32592580-02-SAPO-04,Medically attended diarrhea - outpatient,Pre-school age children,12.0,23,1.0,1.0,Both,Molecular,,25,25,2,0.07999999821186066,0.054258640855550766,
PMID32592580-02,PMID32592580-02-05,PMID32592580-02-SAPO-05,Asymptomatic,Pre-school age children,24.0,59,2.0,2.0,Both,Molecular,,1,1,0,0.0,0.0,
PMID32592580-02,PMID32592580-02-06,PMID32592580-02-SAPO-06,Medically attended diarrhea - outpatient,Pre-school age children,24.0,59,2.0,4.0,Both,Molecular,,6,6,1,0.1666666716337204,0.1521451622247696,
PMID32592580-02,PMID32592580-02-07,PMID32592580-02-SAPO-07,Asymptomatic,School age children,60.0,72,5.0,6.0,Both,Molecular,,2,2,0,0.0,0.0,
PMID32592580-02,PMID32592580-02-08,PMID32592580-02-SAPO-08,Medically attended diarrhea - outpatient,School age children,60.0,108,5.0,9.0,Both,Molecular,,6,6,0,0.0,0.0,
PMID32592580-02,PMID32592580-02-09,PMID32592580-02-SAPO-09,Asymptomatic,Adolescents,192.0,192,16.0,16.0,Both,Molecular,,1,1,0,0.0,0.0,
PMID32592580-02,PMID32592580-02-10,PMID32592580-02-SAPO-10,Medically attended diarrhea - outpatient,Adolescents,120.0,228,10.0,19.0,Both,Molecular,,19,19,0,0.0,0.0,
PMID32592580-02,PMID32592580-02-11,PMID32592580-02-SAPO-11,Asymptomatic,Adults,252.0,780,21.0,65.0,Both,Molecular,,20,20,0,0.0,0.0,
PMID32592580-02,PMID32592580-02-12,PMID32592580-02-SAPO-12,Medically attended diarrhea - outpatient,Adults,240.0,1020,20.0,85.0,Both,Molecular,,216,216,5,0.023148147389292717,0.010231648571789265,
PMID32592580-03,PMID32592580-03-02,PMID32592580-03-SAPO-02,Medically attended diarrhea - outpatient,Pre-school age children,0.0,11,0.0,0.0,Both,Molecular,,46,46,4,0.08695652335882187,0.04154491797089577,
PMID32592580-03,PMID32592580-03-04,PMID32592580-03-SAPO-04,Medically attended diarrhea - outpatient,Pre-school age children,12.0,23,1.0,1.0,Both,Molecular,,34,34,1,0.029411764815449715,0.028976010158658028,
PMID32592580-03,PMID32592580-03-06,PMID32592580-03-SAPO-06,Medically attended diarrhea - outpatient,Pre-school age children,24.0,59,2.0,4.0,Both,Molecular,,26,26,3,0.11538461595773697,0.06265626847743988,
PMID32592580-03,PMID32592580-03-08,PMID32592580-03-SAPO-08,Medically attended diarrhea - outpatient,School age children,60.0,108,5.0,9.0,Both,Molecular,,33,33,3,0.09090909361839294,0.05004380643367767,
PMID32592580-03,PMID32592580-03-10,PMID32592580-03-SAPO-10,Medically attended diarrhea - outpatient,Adolescents,120.0,228,10.0,19.0,Both,Molecular,,43,43,0,0.0,0.0,
PMID32592580-03,PMID32592580-03-12,PMID32592580-03-SAPO-12,Medically attended diarrhea - outpatient,Adults,240.0,1020,20.0,85.0,Both,Molecular,,345,345,4,0.011594203300774097,0.0057633970864117146,
PMID32592580-04,PMID32592580-04-01,PMID32592580-04-SAPO-01,Asymptomatic,Pre-school age children,0.0,11,0.0,0.0,Both,Molecular,,5,5,0,0.0,0.0,
PMID32592580-04,PMID32592580-04-02,PMID32592580-04-SAPO-02,Medically attended diarrhea - outpatient,Pre-school age children,0.0,11,0.0,0.0,Both,Molecular,,44,44,0,0.0,0.0,
PMID32592580-04,PMID32592580-04-03,PMID32592580-04-SAPO-03,Asymptomatic,Pre-school age children,12.0,23,1.0,1.0,Both,Molecular,,4,4,0,0.0,0.0,
PMID32592580-04,PMID32592580-04-04,PMID32592580-04-SAPO-04,Medically attended diarrhea - outpatient,Pre-school age children,12.0,23,1.0,1.0,Both,Molecular,,48,48,1,0.02083333395421505,0.02061517722904682,
PMID32592580-04,PMID32592580-04-05,PMID32592580-04-SAPO-05,Asymptomatic,Pre-school age children,24.0,59,3.0,3.0,Both,Molecular,,1,1,0,0.0,0.0,
PMID32592580-04,PMID32592580-04-06,PMID32592580-04-SAPO-06,Medically attended diarrhea - outpatient,Pre-school age children,24.0,59,2.0,4.0,Both,Molecular,,16,16,2,0.125,0.08267972618341446,
PMID32592580-04,PMID32592580-04-08,PMID32592580-04-SAPO-08,Medically attended diarrhea - outpatient,School age children,60.0,108,5.0,9.0,Both,Molecular,,5,5,0,0.0,0.0,
PMID32592580-04,PMID32592580-04-09,PMID32592580-04-SAPO-09,Asymptomatic,Adolescents,192.0,192,16.0,16.0,Both,Molecular,,1,1,0,0.0,0.0,
PMID32592580-04,PMID32592580-04-10,PMID32592580-04-SAPO-10,Medically attended diarrhea - outpatient,Adolescents,120.0,228,10.0,19.0,Both,Molecular,,17,17,2,0.11764705926179886,0.07814248651266098,
PMID32592580-04,PMID32592580-04-11,PMID32592580-04-SAPO-11,Asymptomatic,Adults,360.0,720,30.0,60.0,Both,Molecular,,7,7,1,0.1428571492433548,0.1322600096464157,
PMID32592580-04,PMID32592580-04-12,PMID32592580-04-SAPO-12,Medically attended diarrhea - outpatient,Adults,240.0,960,20.0,80.0,Both,Molecular,,186,186,1,0.005376344081014395,0.005361872259527445,
PMID32592580-05,PMID32592580-05-02,PMID32592580-05-SAPO-02,Medically attended diarrhea - outpatient,Pre-school age children,0.0,11,0.0,0.0,Both,Molecular,,26,26,1,0.03846153989434242,0.0377146415412426,
PMID32592580-05,PMID32592580-05-03,PMID32592580-05-SAPO-03,Asymptomatic,Pre-school age children,12.0,23,1.0,1.0,Both,Molecular,,1,1,0,0.0,0.0,
PMID32592580-05,PMID32592580-05-04,PMID32592580-05-SAPO-04,Medically attended diarrhea - outpatient,Pre-school age children,12.0,23,1.0,1.0,Both,Molecular,,18,18,1,0.0555555559694767,0.05399029701948166,
PMID32592580-05,PMID32592580-05-06,PMID32592580-05-SAPO-06,Medically attended diarrhea - outpatient,Pre-school age children,24.0,59,2.0,2.0,Both,Molecular,,3,3,0,0.0,0.0,
PMID32592580-05,PMID32592580-05-08,PMID32592580-05-SAPO-08,Medically attended diarrhea - outpatient,School age children,84.0,108,7.0,9.0,Both,Molecular,,2,2,0,0.0,0.0,
PMID32592580-05,PMID32592580-05-10,PMID32592580-05-SAPO-10,Medically attended diarrhea - outpatient,Adolescents,120.0,216,10.0,18.0,Both,Molecular,,4,4,0,0.0,0.0,
PMID32592580-05,PMID32592580-05-12,PMID32592580-05-SAPO-12,Medically attended diarrhea - outpatient,Adults,240.0,1080,20.0,90.0,Both,Molecular,,48,48,0,0.0,0.0,
PMID32592580-06,PMID32592580-06-01,PMID32592580-06-SAPO-01,Asymptomatic,Pre-school age children,0.0,11,0.0,0.0,Both,Molecular,,1,1,0,0.0,0.0,
PMID32592580-06,PMID32592580-06-02,PMID32592580-06-SAPO-02,Medically attended diarrhea - outpatient,Pre-school age children,0.0,11,0.0,0.0,Both,Molecular,,143,143,5,0.03496503457427025,0.015361035242676735,
PMID32592580-06,PMID32592580-06-04,PMID32592580-06-SAPO-04,Medically attended diarrhea - outpatient,Pre-school age children,12.0,23,1.0,1.0,Both,Molecular,,68,68,8,0.11764705926179886,0.03907124325633049,
PMID32592580-06,PMID32592580-06-06,PMID32592580-06-SAPO-06,Medically attended diarrhea - outpatient,Pre-school age children,24.0,59,2.0,4.0,Both,Molecular,,18,18,2,0.1111111119389534,0.07407407462596893,
PMID32592580-06,PMID32592580-06-08,PMID32592580-06-SAPO-08,Medically attended diarrhea - outpatient,School age children,72.0,84,6.0,7.0,Both,Molecular,,2,2,0,0.0,0.0,
PMID32592580-06,PMID32592580-06-10,PMID32592580-06-SAPO-10,Medically attended diarrhea - outpatient,Adolescents,120.0,228,10.0,19.0,Both,Molecular,,11,11,0,0.0,0.0,
PMID32592580-06,PMID32592580-06-12,PMID32592580-06-SAPO-12,Medically attended diarrhea - outpatient,Adults,240.0,960,20.0,80.0,Both,Molecular,,56,56,1,0.01785714365541935,0.017696985974907875,
PMID32592580-07,PMID32592580-07-02,PMID32592580-07-SAPO-02,Medically attended diarrhea - outpatient,Pre-school age children,0.0,11,0.0,0.0,Both,Molecular,,77,77,1,0.012987012974917889,0.012902406044304371,
PMID32592580-07,PMID32592580-07-03,PMID32592580-07-SAPO-03,Asymptomatic,Pre-school age children,12.0,23,1.0,1.0,Both,Molecular,,2,2,0,0.0,0.0,
PMID32592580-07,PMID32592580-07-04,PMID32592580-07-SAPO-04,Medically attended diarrhea - outpatient,Pre-school age children,12.0,23,1.0,1.0,Both,Molecular,,81,81,5,0.06172839552164078,0.02674017660319805,
PMID32592580-07,PMID32592580-07-06,PMID32592580-07-SAPO-06,Medically attended diarrhea - outpatient,Pre-school age children,24.0,59,2.0,3.0,Both,Molecular,,34,34,4,0.11764705926179886,0.05525508522987366,
PMID32592580-07,PMID32592580-07-08,PMID32592580-07-SAPO-08,Medically attended diarrhea - outpatient,School age children,60.0,96,5.0,8.0,Both,Molecular,,6,6,0,0.0,0.0,
PMID32592580-07,PMID32592580-07-10,PMID32592580-07-SAPO-10,Medically attended diarrhea - outpatient,Adolescents,120.0,228,10.0,19.0,Both,Molecular,,8,8,1,0.125,0.11692679673433304,
PMID32592580-07,PMID32592580-07-12,PMID32592580-07-SAPO-12,Medically attended diarrhea - outpatient,Adults,240.0,960,20.0,80.0,Both,Molecular,,83,83,0,0.0,0.0,
PMID33805214-01,PMID33805214-01-01,PMID33805214-01-SAPO-01,Asymptomatic,Pre-school age children,0.0,11,0.0,0.0,Both,Molecular,,8,8,0,0.0,0.0,
PMID33805214-01,PMID33805214-01-02,PMID33805214-01-SAPO-02,Medically attended diarrhea - outpatient,Pre-school age children,0.0,11,0.0,0.0,Both,Molecular,,85,85,1,0.0117647061124444,0.011695297434926033,
PMID33805214-01,PMID33805214-01-03,PMID33805214-01-SAPO-03,Asymptomatic,Pre-school age children,12.0,23,1.0,1.0,Both,Molecular,,13,13,0,0.0,0.0,
PMID33805214-01,PMID33805214-01-04,PMID33805214-01-SAPO-04,Medically attended diarrhea - outpatient,Pre-school age children,12.0,23,1.0,1.0,Both,Molecular,,63,63,4,0.0634920671582222,0.030721696093678474,
PMID33805214-01,PMID33805214-01-05,PMID33805214-01-SAPO-05,Asymptomatic,Pre-school age children,24.0,59,2.0,4.0,Both,Molecular,,46,46,1,0.021739130839705467,0.021501537412405014,
PMID33805214-01,PMID33805214-01-06,PMID33805214-01-SAPO-06,Medically attended diarrhea - outpatient,Pre-school age children,24.0,59,2.0,4.0,Both,Molecular,,29,29,1,0.03448275849223137,0.03388301283121109,
PMID34524885-01,PMID34524885-01-01,PMID34524885-01-SAPO-01,Medically attended diarrhea - outpatient,Pre-school age children,0.0,11,0.0,0.0,Both,Molecular,,32,32,1,0.03125,0.03075784258544445,
PMID34524885-01,PMID34524885-01-02,PMID34524885-01-SAPO-02,Medically attended diarrhea - outpatient,Pre-school age children,12.0,23,1.0,1.0,Both,Molecular,,20,20,2,0.10000000149011612,0.06708204001188278,
PMID34524885-01,PMID34524885-01-03,PMID34524885-01-SAPO-03,Medically attended diarrhea - outpatient,Pre-school age children,24.0,59,2.0,4.0,Both,Molecular,,61,61,1,0.016393441706895828,0.016258513554930687,
PMID34524885-01,PMID34524885-01-04,PMID34524885-01-SAPO-04,Medically attended diarrhea - outpatient,School age children,60.0,108,5.0,9.0,Both,Molecular,,42,42,0,0.0,0.0,
PMID34524885-01,PMID34524885-01-05,PMID34524885-01-SAPO-05,Medically attended diarrhea - outpatient,Adolescents,120.0,204,10.0,17.0,Both,Molecular,,44,44,0,0.0,0.0,
PMID34524885-02,PMID34524885-02-01,PMID34524885-02-SAPO-01,Medically attended diarrhea - outpatient,Pre-school age children,0.0,11,0.0,0.0,Both,Molecular,,8,8,0,0.0,0.0,
PMID34524885-02,PMID34524885-02-02,PMID34524885-02-SAPO-02,Medically attended diarrhea - outpatient,Pre-school age children,12.0,23,1.0,1.0,Both,Molecular,,34,34,2,0.05882352963089943,0.040352609008550644,
PMID34524885-02,PMID34524885-02-03,PMID34524885-02-SAPO-03,Medically attended diarrhea - outpatient,Pre-school age children,24.0,59,2.0,4.0,Both,Molecular,,51,51,5,0.09803921729326248,0.04163980111479759,
PMID34524885-02,PMID34524885-02-04,PMID34524885-02-SAPO-04,Medically attended diarrhea - outpatient,School age children,60.0,108,5.0,9.0,Both,Molecular,,34,34,0,0.0,0.0,
PMID34524885-02,PMID34524885-02-05,PMID34524885-02-SAPO-05,Medically attended diarrhea - outpatient,Adolescents,120.0,204,10.0,17.0,Both,Molecular,,12,12,0,0.0,0.0,
PMID34587158-01,PMID34587158-01-01,PMID34587158-01-SAPO-01,Asymptomatic,Pre-school age children,1.0,11,0.0,1.0,Both,Molecular,,83,78,5,0.06410256773233414,0.027733491733670235,
PMID34587158-01,PMID34587158-01-02,PMID34587158-01-SAPO-02,Medically attended diarrhea - outpatient,Pre-school age children,0.0,11,0.0,1.0,Both,Molecular,,84,78,7,0.08974359184503555,0.03236206993460655,
PMID34587158-01,PMID34587158-01-03,PMID34587158-01-SAPO-03,Asymptomatic,Pre-school age children,12.0,23,1.0,2.0,Both,Molecular,,56,52,3,0.057692307978868484,0.03233356773853302,
PMID34587158-01,PMID34587158-01-04,PMID34587158-01-SAPO-04,Medically attended diarrhea - outpatient,Pre-school age children,12.0,23,1.0,2.0,Both,Molecular,,90,82,11,0.13414634764194489,0.03763611242175102,
PMID34587158-01,PMID34587158-01-05,PMID34587158-01-SAPO-05,Asymptomatic,Pre-school age children,24.0,59,2.0,5.0,Both,Molecular,,61,54,2,0.03703703731298447,0.02569958008825779,
PMID34587158-01,PMID34587158-01-06,PMID34587158-01-SAPO-06,Medically attended diarrhea - outpatient,Pre-school age children,24.0,54,2.0,5.0,Both,Molecular,,55,53,1,0.01886792480945587,0.018689077347517014,
PMID35915480-01,PMID35915480-01-01,PMID35915480-01-SAPO-01,Medically attended diarrhea - inpatient,Pre-school age children,0.0,11,0.0,0.0,Both,Molecular,,122,122,12,0.09836065769195557,0.02696169726550579,
PMID35915480-01,PMID35915480-01-02,PMID35915480-01-SAPO-02,Medically attended diarrhea - inpatient,Pre-school age children,12.0,23,1.0,1.0,Both,Molecular,,63,63,8,0.1269841343164444,0.041948411613702774,
PMID35915480-01,PMID35915480-01-03,PMID35915480-01-SAPO-03,Medically attended diarrhea - inpatient,Pre-school age children,24.0,57,2.0,4.0,Both,Molecular,,29,29,2,0.06896551698446274,0.047054361552000046,
PMID35915480-01,PMID35915480-01-04,PMID35915480-01-SAPO-04,Medically attended diarrhea - inpatient,School age children,63.0,116,5.0,9.0,Both,Molecular,,15,15,2,0.13333334028720856,0.0877707451581955,
PMID35915480-01,PMID35915480-01-05,PMID35915480-01-SAPO-05,Medically attended diarrhea - inpatient,Adolescents,123.0,153,10.0,13.0,Both,Molecular,,4,4,0,0.0,0.0,
PMID35915480-02,PMID35915480-02-01,PMID35915480-02-SAPO-01,Medically attended diarrhea - inpatient,Pre-school age children,1.0,11,0.0,0.0,Both,Molecular,,185,185,9,0.0486486479640007,0.01581685058772564,
PMID35915480-02,PMID35915480-02-02,PMID35915480-02-SAPO-02,Medically attended diarrhea - inpatient,Pre-school age children,12.0,23,1.0,1.0,Both,Molecular,,152,152,6,0.03947368264198303,0.015793800354003906,
PMID35915480-02,PMID35915480-02-03,PMID35915480-02-SAPO-03,Medically attended diarrhea - inpatient,Pre-school age children,24.0,55,2.0,4.0,Both,Molecular,,75,75,6,0.07999999821186066,0.03132624179124832,
PMID35915480-02,PMID35915480-02-04,PMID35915480-02-SAPO-04,Medically attended diarrhea - inpatient,School age children,61.0,119,5.0,9.0,Both,Molecular,,32,32,0,0.0,0.0,
PMID35915480-02,PMID35915480-02-05,PMID35915480-02-SAPO-05,Medically attended diarrhea - inpatient,Adolescents,122.0,154,10.0,13.0,Both,Molecular,,13,13,0,0.0,0.0,
