SITE_ID,EST_ID,SHIG_EST_ID,SHIG_SYNDROME,SHIG_AGE_GROUP,SHIG_AGE_LB_MON,SHIG_AGE_UB_MON,SHIG_AGE_LB_YR,SHIG_AGE_UB_YR,SHIG_SEX,SHIG_DX,SHIG_STRAIN,SHIG_SUBJECTS,SHIG_SAMPLES,SHIG_CASES,SHIG_PREV,SHIG_SE,SHIG_NOTES
GREY00000001-01,GREY00000001-01-01,GREY00000001-01-SHIG-01,Medically attended diarrhea - inpatient,Pre-school age children,1.0,11,0.0,1.0,Both,Molecular,,64,59,18,0.3050847351551056,0.05994461104273796,
GREY00000001-01,GREY00000001-01-02,GREY00000001-01-SHIG-02,Medically attended diarrhea - inpatient,Pre-school age children,12.0,23,1.0,2.0,Both,Molecular,,59,54,24,0.4444444477558136,0.06762006878852844,
GREY00000001-01,GREY00000001-01-03,GREY00000001-01-SHIG-03,Medically attended diarrhea - inpatient,Pre-school age children,24.0,58,2.0,5.0,Both,Molecular,,67,54,17,0.31481480598449707,0.06320255994796753,
PMID25926413-01,PMID25926413-01-01,PMID25926413-01-SHIG-01,Asymptomatic,Pre-school age children,0.0,11,0.0,1.0,Both,Molecular,,1297,601,8,0.013311147689819336,0.004674774128943682,
PMID25926413-01,PMID25926413-01-02,PMID25926413-01-SHIG-02,Asymptomatic,Pre-school age children,12.0,22,1.0,2.0,Both,Molecular,,666,662,41,0.06193353608250618,0.00936808343976736,
PMID25926413-01,PMID25926413-01-03,PMID25926413-01-SHIG-03,Asymptomatic,Pre-school age children,30.0,32,3.0,3.0,Both,Molecular,,596,596,85,0.14261744916439056,0.01432354561984539,
PMID27080387-01,PMID27080387-01-01,PMID27080387-01-SHIG-01,Asymptomatic,Pre-school age children,0.0,11,0.0,0.0,Both,Molecular,,56,56,8,0.1428571492433548,0.04676097631454468,
PMID27080387-01,PMID27080387-01-02,PMID27080387-01-SHIG-02,Medically attended diarrhea - outpatient,Pre-school age children,0.0,11,0.0,0.0,Both,Molecular,,136,136,38,0.27941176295280457,0.03847658261656761,
PMID27080387-01,PMID27080387-01-03,PMID27080387-01-SHIG-03,Asymptomatic,Pre-school age children,12.0,23,1.0,1.0,Both,Molecular,,83,83,29,0.34939759969711304,0.052333373576402664,
PMID27080387-01,PMID27080387-01-04,PMID27080387-01-SHIG-04,Medically attended diarrhea - outpatient,Pre-school age children,12.0,23,1.0,1.0,Both,Molecular,,151,151,68,0.4503311216831207,0.040488164871931076,
PMID27080387-01,PMID27080387-01-05,PMID27080387-01-SHIG-05,Asymptomatic,Pre-school age children,24.0,59,2.0,4.0,Both,Molecular,,85,85,33,0.38823530077934265,0.05286037549376488,
PMID27080387-01,PMID27080387-01-06,PMID27080387-01-SHIG-06,Medically attended diarrhea - outpatient,Pre-school age children,24.0,59,2.0,4.0,Both,Molecular,,141,141,73,0.5177304744720459,0.042081113904714584,
PMID27080387-01,PMID27080387-01-07,PMID27080387-01-SHIG-07,Asymptomatic,School age children,60.0,119,5.0,5.0,Both,Molecular,,15,15,6,0.4000000059604645,0.12649109959602356,
PMID27080387-01,PMID27080387-01-08,PMID27080387-01-SHIG-08,Medically attended diarrhea - outpatient,School age children,60.0,119,5.0,5.0,Both,Molecular,,15,15,6,0.4000000059604645,0.12649109959602356,
PMID27673470-01,PMID27673470-01-01,PMID27673470-01-SHIG-01,Asymptomatic,Pre-school age children,0.0,11,0.0,0.0,Both,Molecular,,878,298,10,0.033557046204805374,0.010432102717459202,
PMID27673470-01,PMID27673470-01-02,PMID27673470-01-SHIG-02,Medically attended diarrhea - outpatient,Pre-school age children,0.0,11,0.0,0.0,Both,Molecular,,550,300,61,0.20333333313465118,0.02323710359632969,
PMID27673470-01,PMID27673470-01-03,PMID27673470-01-SHIG-03,Asymptomatic,Pre-school age children,12.0,23,1.0,1.0,Both,Molecular,,761,299,34,0.113712377846241,0.01835927926003933,
PMID27673470-01,PMID27673470-01-04,PMID27673470-01-SHIG-04,Medically attended diarrhea - outpatient,Pre-school age children,12.0,23,1.0,1.0,Both,Molecular,,476,300,207,0.6899999976158142,0.02670205943286419,
PMID27673470-01,PMID27673470-01-05,PMID27673470-01-SHIG-05,Asymptomatic,Pre-school age children,24.0,59,2.0,4.0,Both,Molecular,,826,300,69,0.23000000417232513,0.024296775460243225,
PMID27673470-01,PMID27673470-01-06,PMID27673470-01-SHIG-06,Medically attended diarrhea - outpatient,Pre-school age children,24.0,59,2.0,4.0,Both,Molecular,,368,300,267,0.8899999856948853,0.018064700067043304,
PMID27673470-02,PMID27673470-02-01,PMID27673470-02-SHIG-01,Asymptomatic,Pre-school age children,0.0,11,0.0,0.0,Both,Molecular,,685,288,32,0.1111111119389534,0.018518518656492233,
PMID27673470-02,PMID27673470-02-02,PMID27673470-02-SHIG-02,Medically attended diarrhea - outpatient,Pre-school age children,0.0,11,0.0,0.0,Both,Molecular,,672,289,41,0.14186851680278778,0.02052442543208599,
PMID27673470-02,PMID27673470-02-03,PMID27673470-02-SHIG-03,Asymptomatic,Pre-school age children,12.0,23,1.0,1.0,Both,Molecular,,598,299,68,0.227424755692482,0.02424117550253868,
PMID27673470-02,PMID27673470-02-04,PMID27673470-02-SHIG-04,Medically attended diarrhea - outpatient,Pre-school age children,12.0,23,1.0,1.0,Both,Molecular,,588,299,113,0.37792640924453735,0.028040703386068344,
PMID27673470-02,PMID27673470-02-05,PMID27673470-02-SHIG-05,Asymptomatic,Pre-school age children,24.0,59,2.0,4.0,Both,Molecular,,731,297,117,0.39393940567970276,0.028352705761790276,
PMID27673470-02,PMID27673470-02-06,PMID27673470-02-SHIG-06,Medically attended diarrhea - outpatient,Pre-school age children,24.0,59,2.0,4.0,Both,Molecular,,308,298,162,0.5436241626739502,0.028853770345449448,
PMID27673470-03,PMID27673470-03-01,PMID27673470-03-SHIG-01,Asymptomatic,Pre-school age children,0.0,11,0.0,0.0,Both,Molecular,,673,302,36,0.1192052960395813,0.01864582672715187,
PMID27673470-03,PMID27673470-03-02,PMID27673470-03-SHIG-02,Medically attended diarrhea - outpatient,Pre-school age children,0.0,11,0.0,0.0,Both,Molecular,,673,309,55,0.1779935210943222,0.021760080009698868,
PMID27673470-03,PMID27673470-03-03,PMID27673470-03-SHIG-03,Asymptomatic,Pre-school age children,12.0,23,1.0,1.0,Both,Molecular,,621,298,69,0.231543630361557,0.024435311555862427,
PMID27673470-03,PMID27673470-03-04,PMID27673470-03-SHIG-04,Medically attended diarrhea - outpatient,Pre-school age children,12.0,23,1.0,1.0,Both,Molecular,,410,302,100,0.33112582564353943,0.02708103507757187,
PMID27673470-03,PMID27673470-03-05,PMID27673470-03-SHIG-05,Asymptomatic,Pre-school age children,24.0,59,2.0,4.0,Both,Molecular,,589,301,57,0.18936876952648163,0.022583050653338432,
PMID27673470-03,PMID27673470-03-06,PMID27673470-03-SHIG-06,Medically attended diarrhea - outpatient,Pre-school age children,24.0,59,2.0,4.0,Both,Molecular,,393,301,104,0.3455149531364441,0.02740943245589733,
PMID27673470-04,PMID27673470-04-01,PMID27673470-04-SHIG-01,Asymptomatic,Pre-school age children,0.0,11,0.0,0.0,Both,Molecular,,727,298,29,0.09731543809175491,0.017169227823615074,
PMID27673470-04,PMID27673470-04-02,PMID27673470-04-SHIG-02,Medically attended diarrhea - outpatient,Pre-school age children,0.0,11,0.0,0.0,Both,Molecular,,727,304,41,0.13486842811107635,0.019591128453612328,
PMID27673470-04,PMID27673470-04-03,PMID27673470-04-SHIG-03,Asymptomatic,Pre-school age children,12.0,23,1.0,1.0,Both,Molecular,,695,300,97,0.3233333230018616,0.02700548619031906,
PMID27673470-04,PMID27673470-04-04,PMID27673470-04-SHIG-04,Medically attended diarrhea - outpatient,Pre-school age children,12.0,23,1.0,1.0,Both,Molecular,,682,302,157,0.5198675394058228,0.028749044984579086,
PMID27673470-04,PMID27673470-04-05,PMID27673470-04-SHIG-05,Asymptomatic,Pre-school age children,24.0,59,2.0,4.0,Both,Molecular,,642,283,112,0.3957597315311432,0.02906882017850876,
PMID27673470-04,PMID27673470-04-06,PMID27673470-04-SHIG-06,Medically attended diarrhea - outpatient,Pre-school age children,24.0,59,2.0,4.0,Both,Molecular,,624,281,132,0.46975088119506836,0.029772864654660225,
PMID27673470-05,PMID27673470-05-01,PMID27673470-05-SHIG-01,Asymptomatic,Pre-school age children,0.0,11,0.0,0.0,Both,Molecular,,696,265,28,0.10566037893295288,0.018883582204580307,
PMID27673470-05,PMID27673470-05-02,PMID27673470-05-SHIG-02,Medically attended diarrhea - outpatient,Pre-school age children,0.0,11,0.0,0.0,Both,Molecular,,374,265,26,0.09811320900917053,0.01827329210937023,
PMID27673470-05,PMID27673470-05-03,PMID27673470-05-SHIG-03,Asymptomatic,Pre-school age children,12.0,23,1.0,1.0,Both,Molecular,,391,159,61,0.3836477994918823,0.03856401890516281,
PMID27673470-05,PMID27673470-05-04,PMID27673470-05-SHIG-04,Medically attended diarrhea - outpatient,Pre-school age children,12.0,23,1.0,1.0,Both,Molecular,,195,159,86,0.5408805012702942,0.03951982036232948,
PMID27673470-05,PMID27673470-05-05,PMID27673470-05-SHIG-05,Asymptomatic,Pre-school age children,24.0,59,2.0,4.0,Both,Molecular,,208,95,58,0.6105263233184814,0.050029877573251724,
PMID27673470-05,PMID27673470-05-06,PMID27673470-05-SHIG-06,Medically attended diarrhea - outpatient,Pre-school age children,24.0,59,2.0,4.0,Both,Molecular,,112,95,69,0.7263157963752747,0.045743122696876526,
PMID27673470-06,PMID27673470-06-01,PMID27673470-06-SHIG-01,Asymptomatic,Pre-school age children,0.0,11,0.0,0.0,Both,Molecular,,633,296,32,0.10810811072587967,0.018048427999019623,
PMID27673470-06,PMID27673470-06-02,PMID27673470-06-SHIG-02,Medically attended diarrhea - outpatient,Pre-school age children,0.0,11,0.0,0.0,Both,Molecular,,633,305,77,0.25245901942253113,0.02487499639391899,
PMID27673470-06,PMID27673470-06-03,PMID27673470-06-SHIG-03,Asymptomatic,Pre-school age children,12.0,23,1.0,1.0,Both,Molecular,,676,300,92,0.30666667222976685,0.026622185483574867,
PMID27673470-06,PMID27673470-06-04,PMID27673470-06-SHIG-04,Medically attended diarrhea - outpatient,Pre-school age children,12.0,23,1.0,1.0,Both,Molecular,,399,300,160,0.5333333611488342,0.02880329266190529,
PMID27673470-06,PMID27673470-06-05,PMID27673470-06-SHIG-05,Asymptomatic,Pre-school age children,24.0,59,2.0,4.0,Both,Molecular,,529,223,71,0.31838566064834595,0.0311956238001585,
PMID27673470-06,PMID27673470-06-06,PMID27673470-06-SHIG-06,Medically attended diarrhea - outpatient,Pre-school age children,24.0,59,2.0,4.0,Both,Molecular,,226,225,111,0.4933333396911621,0.033330369740724564,
PMID27673470-07,PMID27673470-07-01,PMID27673470-07-SHIG-01,Asymptomatic,Pre-school age children,0.0,11,0.0,0.0,Both,Molecular,,585,276,37,0.13405796885490417,0.02050860784947872,
PMID27673470-07,PMID27673470-07-02,PMID27673470-07-SHIG-02,Medically attended diarrhea - outpatient,Pre-school age children,0.0,11,0.0,0.0,Both,Molecular,,400,281,59,0.20996440947055817,0.024296460673213005,
PMID27673470-07,PMID27673470-07-03,PMID27673470-07-SHIG-03,Asymptomatic,Pre-school age children,12.0,23,1.0,1.0,Both,Molecular,,639,294,107,0.3639455735683441,0.02806026116013527,
PMID27673470-07,PMID27673470-07-04,PMID27673470-07-SHIG-04,Medically attended diarrhea - outpatient,Pre-school age children,12.0,23,1.0,1.0,Both,Molecular,,455,292,147,0.5034246444702148,0.02925959974527359,
PMID27673470-07,PMID27673470-07-05,PMID27673470-07-SHIG-05,Asymptomatic,Pre-school age children,24.0,59,2.0,4.0,Both,Molecular,,345,164,50,0.3048780560493469,0.03594774380326271,
PMID27673470-07,PMID27673470-07-06,PMID27673470-07-SHIG-06,Medically attended diarrhea - outpatient,Pre-school age children,24.0,59,2.0,4.0,Both,Molecular,,174,163,80,0.4907975494861603,0.039156388491392136,
PMID28541454-01,PMID28541454-01-01,PMID28541454-01-SHIG-01,Asymptomatic,Pre-school age children,1.0,11,0.0,0.0,Both,Molecular,,296,285,5,0.017543859779834747,0.007776724640280008,
PMID28541454-01,PMID28541454-01-02,PMID28541454-01-SHIG-02,Medically attended diarrhea - outpatient,Pre-school age children,1.0,11,0.0,0.0,Both,Molecular,,505,485,23,0.047422681003808975,0.009650999680161476,
PMID28541454-01,PMID28541454-01-03,PMID28541454-01-SHIG-03,Asymptomatic,Pre-school age children,12.0,23,1.0,1.0,Both,Molecular,,276,272,8,0.029411764815449715,0.010244566947221756,
PMID28541454-01,PMID28541454-01-04,PMID28541454-01-SHIG-04,Medically attended diarrhea - outpatient,Pre-school age children,12.0,23,1.0,1.0,Both,Molecular,,226,216,29,0.13425925374031067,0.023197392001748085,
PMID28575304-01,PMID28575304-01-01,PMID28575304-01-SHIG-01,Medically attended diarrhea - outpatient,Pre-school age children,2.0,11,0.0,0.0,Both,Molecular,,147,147,32,0.21768707036972046,0.03403673693537712,
PMID28575304-01,PMID28575304-01-02,PMID28575304-01-SHIG-02,Medically attended diarrhea - outpatient,Pre-school age children,12.0,23,1.0,1.0,Both,Molecular,,80,80,24,0.30000001192092896,0.05123475566506386,
PMID28575304-01,PMID28575304-01-03,PMID28575304-01-SHIG-03,Medically attended diarrhea - outpatient,Pre-school age children,26.0,59,2.0,4.0,Both,Molecular,,6,6,1,0.1666666716337204,0.1521451622247696,
PMID28885460-01,PMID28885460-01-01,PMID28885460-01-SHIG-01,Asymptomatic,Pre-school age children,0.5,11,0.5,11.630390167236328,Both,Molecular,,49,49,5,0.10204081982374191,0.04324313998222351,
PMID28885460-01,PMID28885460-01-02,PMID28885460-01-SHIG-02,Asymptomatic,Pre-school age children,12.418890953063965,23,12.418890953063965,22.702259063720703,Both,Molecular,,26,26,1,0.03846153989434242,0.0377146415412426,
PMID28885460-01,PMID28885460-01-03,PMID28885460-01-SHIG-03,Asymptomatic,Pre-school age children,24.213552474975586,59,24.213552474975586,58.5,Both,Molecular,,21,21,3,0.1428571492433548,0.07636035978794098,
PMID28885460-01,PMID28885460-01-04,PMID28885460-01-SHIG-04,Medically attended diarrhea - outpatient,Pre-school age children,0.19712525606155396,11,0.19712525606155396,11.663244247436523,Both,Molecular,,45,45,3,0.06666667014360428,0.03718489035964012,
PMID28885460-01,PMID28885460-01-05,PMID28885460-01-SHIG-05,Medically attended diarrhea - outpatient,Pre-school age children,12.12320327758789,23,12.12320327758789,23.457904815673828,Both,Molecular,,32,32,5,0.15625,0.06418623775243759,
PMID28885460-01,PMID28885460-01-06,PMID28885460-01-SHIG-06,Medically attended diarrhea - outpatient,Pre-school age children,24.24640655517578,59,24.24640655517578,53.19096374511719,Both,Molecular,,21,21,4,0.190476194024086,0.08568909019231796,
PMID30287127-01,PMID30287127-01-01,PMID30287127-01-SHIG-01,Asymptomatic,Pre-school age children,0.0,11,0.0,0.0,Both,Molecular,,210,414,19,0.04589372128248215,0.0102843027561903,
PMID30287127-01,PMID30287127-01-02,PMID30287127-01-SHIG-02,Community detected diarrhea,Pre-school age children,0.0,11,0.0,0.0,Both,Molecular,,190,308,38,0.12337662279605865,0.01873905211687088,
PMID30287127-01,PMID30287127-01-03,PMID30287127-01-SHIG-03,Asymptomatic,Pre-school age children,12.0,23,1.0,1.0,Both,Molecular,,210,416,80,0.19230769574642181,0.01932300440967083,
PMID30287127-01,PMID30287127-01-04,PMID30287127-01-SHIG-04,Community detected diarrhea,Pre-school age children,12.0,23,1.0,1.0,Both,Molecular,,181,298,155,0.5201342105865479,0.028940729796886444,
PMID30287127-01,PMID30287127-01-05,PMID30287127-01-SHIG-05,Asymptomatic,Pre-school age children,24.0,59,2.0,4.0,Both,Molecular,,136,169,66,0.39053255319595337,0.03752844035625458,
PMID30287127-01,PMID30287127-01-06,PMID30287127-01-SHIG-06,Community detected diarrhea,Pre-school age children,24.0,59,2.0,4.0,Both,Molecular,,13,13,6,0.4615384638309479,0.13826416432857513,
PMID30287127-02,PMID30287127-02-01,PMID30287127-02-SHIG-01,Asymptomatic,Pre-school age children,0.0,11,0.0,0.0,Both,Molecular,,165,324,13,0.040123455226421356,0.010902707464993,
PMID30287127-02,PMID30287127-02-02,PMID30287127-02-SHIG-02,Community detected diarrhea,Pre-school age children,0.0,11,0.0,0.0,Both,Molecular,,25,24,2,0.0833333358168602,0.05641693249344826,
PMID30287127-02,PMID30287127-02-03,PMID30287127-02-SHIG-03,Asymptomatic,Pre-school age children,12.0,23,1.0,1.0,Both,Molecular,,165,318,14,0.044025156646966934,0.011504298076033592,
PMID30287127-02,PMID30287127-02-04,PMID30287127-02-SHIG-04,Community detected diarrhea,Pre-school age children,12.0,23,1.0,1.0,Both,Molecular,,52,53,16,0.30188679695129395,0.0630589947104454,
PMID30287127-02,PMID30287127-02-05,PMID30287127-02-SHIG-05,Asymptomatic,Pre-school age children,24.0,59,2.0,4.0,Both,Molecular,,97,89,4,0.04494382068514824,0.021961119025945663,
PMID30287127-02,PMID30287127-02-06,PMID30287127-02-SHIG-06,Community detected diarrhea,Pre-school age children,24.0,59,2.0,4.0,Both,Molecular,,6,6,2,0.3333333432674408,0.19245009124279022,
PMID30287127-03,PMID30287127-03-01,PMID30287127-03-SHIG-01,Asymptomatic,Pre-school age children,0.0,11,0.0,0.0,Both,Molecular,,227,451,34,0.07538802921772003,0.012432048097252846,
PMID30287127-03,PMID30287127-03-02,PMID30287127-03-SHIG-02,Community detected diarrhea,Pre-school age children,0.0,11,0.0,0.0,Both,Molecular,,165,234,26,0.1111111119389534,0.020544452592730522,
PMID30287127-03,PMID30287127-03-03,PMID30287127-03-SHIG-03,Asymptomatic,Pre-school age children,12.0,23,1.0,1.0,Both,Molecular,,227,444,76,0.171171173453331,0.017875419929623604,
PMID30287127-03,PMID30287127-03-04,PMID30287127-03-SHIG-04,Community detected diarrhea,Pre-school age children,12.0,23,1.0,1.0,Both,Molecular,,134,157,63,0.4012738764286041,0.039118729531764984,
PMID30287127-03,PMID30287127-03-05,PMID30287127-03-SHIG-05,Asymptomatic,Pre-school age children,24.0,59,2.0,4.0,Both,Molecular,,144,168,37,0.2202380895614624,0.03197220340371132,
PMID30287127-03,PMID30287127-03-06,PMID30287127-03-SHIG-06,Community detected diarrhea,Pre-school age children,24.0,59,2.0,4.0,Both,Molecular,,7,7,4,0.5714285969734192,0.1870439052581787,
PMID30287127-04,PMID30287127-04-01,PMID30287127-04-SHIG-01,Asymptomatic,Pre-school age children,0.0,11,0.0,0.0,Both,Molecular,,227,451,7,0.015521064400672913,0.005820706486701965,
PMID30287127-04,PMID30287127-04-02,PMID30287127-04-SHIG-02,Community detected diarrhea,Pre-school age children,0.0,11,0.0,0.0,Both,Molecular,,182,268,14,0.05223880708217621,0.013591853901743889,
PMID30287127-04,PMID30287127-04-03,PMID30287127-04-SHIG-03,Asymptomatic,Pre-school age children,12.0,23,1.0,1.0,Both,Molecular,,227,454,32,0.07048457860946655,0.012012887746095657,
PMID30287127-04,PMID30287127-04-04,PMID30287127-04-SHIG-04,Community detected diarrhea,Pre-school age children,12.0,23,1.0,1.0,Both,Molecular,,173,245,56,0.22857142984867096,0.02682722732424736,
PMID30287127-04,PMID30287127-04-05,PMID30287127-04-SHIG-05,Asymptomatic,Pre-school age children,24.0,59,2.0,4.0,Both,Molecular,,170,211,36,0.17061612010002136,0.0258968286216259,
PMID30287127-04,PMID30287127-04-06,PMID30287127-04-SHIG-06,Community detected diarrhea,Pre-school age children,24.0,59,2.0,4.0,Both,Molecular,,2,2,2,1.0,0.0,
PMID30287127-05,PMID30287127-05-01,PMID30287127-05-SHIG-01,Asymptomatic,Pre-school age children,0.0,11,0.0,0.0,Both,Molecular,,245,488,14,0.028688523918390274,0.007556547876447439,
PMID30287127-05,PMID30287127-05-02,PMID30287127-05-SHIG-02,Community detected diarrhea,Pre-school age children,0.0,11,0.0,0.0,Both,Molecular,,226,391,26,0.06649616360664368,0.012599925510585308,
PMID30287127-05,PMID30287127-05-03,PMID30287127-05-SHIG-03,Asymptomatic,Pre-school age children,12.0,23,1.0,1.0,Both,Molecular,,246,490,50,0.10204081982374191,0.013674682006239891,
PMID30287127-05,PMID30287127-05-04,PMID30287127-05-SHIG-04,Community detected diarrhea,Pre-school age children,12.0,23,1.0,1.0,Both,Molecular,,190,281,54,0.19217081367969513,0.023504462093114853,
PMID30287127-05,PMID30287127-05-05,PMID30287127-05-SHIG-05,Asymptomatic,Pre-school age children,24.0,59,2.0,4.0,Both,Molecular,,92,102,11,0.10784313827753067,0.030712613835930824,
PMID30287127-05,PMID30287127-05-06,PMID30287127-05-SHIG-06,Community detected diarrhea,Pre-school age children,24.0,59,2.0,4.0,Both,Molecular,,7,7,2,0.2857142984867096,0.17074695229530334,
PMID30287127-06,PMID30287127-06-01,PMID30287127-06-SHIG-01,Asymptomatic,Pre-school age children,0.0,11,0.0,0.0,Both,Molecular,,194,388,19,0.048969071358442307,0.010955757461488247,
PMID30287127-06,PMID30287127-06-02,PMID30287127-06-SHIG-02,Community detected diarrhea,Pre-school age children,0.0,11,0.0,0.0,Both,Molecular,,178,298,16,0.05369127541780472,0.01305750384926796,
PMID30287127-06,PMID30287127-06-03,PMID30287127-06-SHIG-03,Asymptomatic,Pre-school age children,12.0,23,1.0,1.0,Both,Molecular,,194,388,84,0.2164948433637619,0.020908787846565247,
PMID30287127-06,PMID30287127-06-04,PMID30287127-06-SHIG-04,Community detected diarrhea,Pre-school age children,12.0,23,1.0,1.0,Both,Molecular,,182,313,86,0.2747603952884674,0.025231650099158287,
PMID30287127-06,PMID30287127-06-05,PMID30287127-06-SHIG-05,Asymptomatic,Pre-school age children,24.0,59,2.0,4.0,Both,Molecular,,142,173,64,0.36994218826293945,0.03670574724674225,
PMID30287127-06,PMID30287127-06-06,PMID30287127-06-SHIG-06,Community detected diarrhea,Pre-school age children,24.0,59,2.0,4.0,Both,Molecular,,20,19,8,0.42105263471603394,0.11326896399259567,
PMID30287127-07,PMID30287127-07-01,PMID30287127-07-SHIG-01,Asymptomatic,Pre-school age children,0.0,11,0.0,0.0,Both,Molecular,,237,453,16,0.035320088267326355,0.008672681637108326,
PMID30287127-07,PMID30287127-07-02,PMID30287127-07-SHIG-02,Community detected diarrhea,Pre-school age children,0.0,11,0.0,0.0,Both,Molecular,,54,50,5,0.10000000149011612,0.04242640733718872,
PMID30287127-07,PMID30287127-07-03,PMID30287127-07-SHIG-03,Asymptomatic,Pre-school age children,12.0,23,1.0,1.0,Both,Molecular,,237,444,48,0.10810811072587967,0.014736480079591274,
PMID30287127-07,PMID30287127-07-04,PMID30287127-07-SHIG-04,Community detected diarrhea,Pre-school age children,12.0,23,1.0,1.0,Both,Molecular,,50,53,11,0.2075471729040146,0.05570666864514351,
PMID30287127-07,PMID30287127-07-05,PMID30287127-07-SHIG-05,Asymptomatic,Pre-school age children,24.0,59,2.0,4.0,Both,Molecular,,98,102,13,0.12745098769664764,0.03301919251680374,
PMID30287127-07,PMID30287127-07-06,PMID30287127-07-SHIG-06,Community detected diarrhea,Pre-school age children,24.0,59,2.0,4.0,Both,Molecular,,1,1,0,0.0,0.0,
PMID30287127-08,PMID30287127-08-01,PMID30287127-08-SHIG-01,Asymptomatic,Pre-school age children,0.0,11,0.0,0.0,Both,Molecular,,209,413,50,0.12106537818908691,0.016051411628723145,
PMID30287127-08,PMID30287127-08-02,PMID30287127-08-SHIG-02,Community detected diarrhea,Pre-school age children,0.0,11,0.0,0.0,Both,Molecular,,80,97,20,0.20618556439876556,0.0410773828625679,
PMID30287127-08,PMID30287127-08-03,PMID30287127-08-SHIG-03,Asymptomatic,Pre-school age children,12.0,23,1.0,1.0,Both,Molecular,,209,413,88,0.21307505667209625,0.02014920674264431,
PMID30287127-08,PMID30287127-08-04,PMID30287127-08-SHIG-04,Community detected diarrhea,Pre-school age children,12.0,23,1.0,1.0,Both,Molecular,,39,39,11,0.28205129504203796,0.07205738127231598,
PMID30287127-08,PMID30287127-08-05,PMID30287127-08-SHIG-05,Asymptomatic,Pre-school age children,24.0,59,2.0,4.0,Both,Molecular,,161,216,43,0.19907407462596893,0.027169188484549522,
PMID31004129-01,PMID31004129-01-01,PMID31004129-01-SHIG-01,Community detected diarrhea,Pre-school age children,0.0,11,0.0,1.0,Both,Molecular,,908,1590,39,0.024528302252292633,0.0038792029954493046,
PMID31004129-01,PMID31004129-01-02,PMID31004129-01-SHIG-02,,Pre-school age children,3.0,11,0.0,1.0,Both,Molecular,,106,106,11,0.1037735864520073,0.029620975255966187,
PMID31004129-01,PMID31004129-01-03,PMID31004129-01-SHIG-03,Community detected diarrhea,Pre-school age children,12.0,18,1.0,2.0,Both,Molecular,,623,623,40,0.06420546025037766,0.009820468723773956,
PMID31004129-01,PMID31004129-01-04,PMID31004129-01-SHIG-04,,Pre-school age children,12.0,19,1.0,2.0,Both,Molecular,,53,53,6,0.11320754885673523,0.0435221903026104,
PMID31064387-01,PMID31064387-01-01,PMID31064387-01-SHIG-01,Asymptomatic,Pre-school age children,0.0,11,0.0,0.0,Both,Molecular,,4,4,0,0.0,0.0,
PMID31064387-01,PMID31064387-01-02,PMID31064387-01-SHIG-02,Asymptomatic,Pre-school age children,12.0,23,1.0,1.0,Both,Molecular,,27,24,1,0.0416666679084301,0.04078937694430351,
PMID31064387-01,PMID31064387-01-03,PMID31064387-01-SHIG-03,Asymptomatic,Pre-school age children,24.0,59,2.0,4.0,Both,Molecular,,189,183,34,0.18579235672950745,0.028751200065016747,
PMID31064387-01,PMID31064387-01-04,PMID31064387-01-SHIG-04,Asymptomatic,School age children,60.0,107,5.0,9.0,Both,Molecular,,233,231,30,0.12987013161182404,0.0221177376806736,
PMID31064387-01,PMID31064387-01-05,PMID31064387-01-SHIG-05,Asymptomatic,Adolescents,120.0,215,10.0,18.0,Both,Molecular,,140,137,30,0.21897810697555542,0.03533228114247322,
PMID31064387-01,PMID31064387-01-06,PMID31064387-01-SHIG-06,Asymptomatic,Adults,240.0,935,20.0,78.0,Both,Molecular,,297,290,54,0.1862068921327591,0.02285892888903618,
PMID31754717-01,PMID31754717-01-01,PMID31754717-01-SHIG-01,Asymptomatic,Pre-school age children,2.0,11,0.0,0.0,Both,Molecular,,26,26,0,0.0,0.0,
PMID31754717-01,PMID31754717-01-02,PMID31754717-01-SHIG-02,Asymptomatic,Pre-school age children,12.0,18,1.0,1.0,Both,Molecular,,7,7,0,0.0,0.0,
PMID31754717-02,PMID31754717-02-01,PMID31754717-02-SHIG-01,Asymptomatic,Pre-school age children,1.0,11,0.0,0.0,Both,Molecular,,61,61,2,0.032786883413791656,0.022800598293542862,
PMID31754717-02,PMID31754717-02-02,PMID31754717-02-SHIG-02,Asymptomatic,Pre-school age children,12.0,23,1.0,1.0,Both,Molecular,,39,39,0,0.0,0.0,
PMID31754717-03,PMID31754717-03-01,PMID31754717-03-SHIG-01,Asymptomatic,Pre-school age children,2.0,11,0.0,0.0,Both,Molecular,,67,67,3,0.04477611929178238,0.02526611089706421,
PMID31754717-03,PMID31754717-03-02,PMID31754717-03-SHIG-02,Asymptomatic,Pre-school age children,12.0,16,1.0,1.0,Both,Molecular,,6,6,1,0.1666666716337204,0.1521451622247696,
PMID31754717-04,PMID31754717-04-01,PMID31754717-04-SHIG-01,Asymptomatic,Pre-school age children,0.0,11,0.0,0.0,Both,Molecular,,91,91,0,0.0,0.0,
PMID31754717-04,PMID31754717-04-02,PMID31754717-04-SHIG-02,Asymptomatic,Pre-school age children,12.0,23,1.0,1.0,Both,Molecular,,97,97,0,0.0,0.0,
PMID32592580-01,PMID32592580-01-01,PMID32592580-01-SHIG-01,Asymptomatic,Pre-school age children,0.0,11,0.0,0.0,Both,Molecular,,171,171,13,0.0760233923792839,0.020267773419618607,
PMID32592580-01,PMID32592580-01-02,PMID32592580-01-SHIG-02,Medically attended diarrhea - outpatient,Pre-school age children,0.0,11,0.0,0.0,Both,Molecular,,1055,1055,83,0.07867298275232315,0.008288835175335407,
PMID32592580-01,PMID32592580-01-03,PMID32592580-01-SHIG-03,Asymptomatic,Pre-school age children,12.0,23,1.0,1.0,Both,Molecular,,118,118,15,0.12711864709854126,0.030664877966046333,
PMID32592580-01,PMID32592580-01-04,PMID32592580-01-SHIG-04,Medically attended diarrhea - outpatient,Pre-school age children,12.0,23,1.0,1.0,Both,Molecular,,482,482,49,0.10165975242853165,0.013764848001301289,
PMID32592580-01,PMID32592580-01-05,PMID32592580-01-SHIG-05,Asymptomatic,Pre-school age children,24.0,59,2.0,4.0,Both,Molecular,,33,33,6,0.1818181872367859,0.06714081764221191,
PMID32592580-01,PMID32592580-01-06,PMID32592580-01-SHIG-06,Medically attended diarrhea - outpatient,Pre-school age children,24.0,59,2.0,4.0,Both,Molecular,,140,140,36,0.2571428716182709,0.03693821281194687,
PMID32592580-01,PMID32592580-01-07,PMID32592580-01-SHIG-07,Asymptomatic,School age children,60.0,108,5.0,9.0,Both,Molecular,,15,15,1,0.06666667014360428,0.06440611928701401,
PMID32592580-01,PMID32592580-01-08,PMID32592580-01-SHIG-08,Medically attended diarrhea - outpatient,School age children,60.0,108,5.0,9.0,Both,Molecular,,75,75,14,0.18666666746139526,0.04499217867851257,
PMID32592580-01,PMID32592580-01-09,PMID32592580-01-SHIG-09,Asymptomatic,Adolescents,120.0,228,10.0,19.0,Both,Molecular,,34,34,14,0.4117647111415863,0.08440353721380234,
PMID32592580-01,PMID32592580-01-10,PMID32592580-01-SHIG-10,Medically attended diarrhea - outpatient,Adolescents,120.0,228,10.0,19.0,Both,Molecular,,203,203,33,0.1625615805387497,0.025896279141306877,
PMID32592580-01,PMID32592580-01-11,PMID32592580-01-SHIG-11,Asymptomatic,Adults,240.0,1056,20.0,88.0,Both,Molecular,,248,248,75,0.30241936445236206,0.029165953397750854,
PMID32592580-01,PMID32592580-01-12,PMID32592580-01-SHIG-12,Medically attended diarrhea - outpatient,Adults,240.0,1140,20.0,95.0,Both,Molecular,,1711,1711,183,0.10695499926805496,0.007471575867384672,
PMID32592580-02,PMID32592580-02-01,PMID32592580-02-SHIG-01,Asymptomatic,Pre-school age children,0.0,11,0.0,0.0,Both,Molecular,,33,33,1,0.03030303120613098,0.029840361326932907,
PMID32592580-02,PMID32592580-02-02,PMID32592580-02-SHIG-02,Medically attended diarrhea - outpatient,Pre-school age children,0.0,11,0.0,0.0,Both,Molecular,,47,47,0,0.0,0.0,
PMID32592580-02,PMID32592580-02-03,PMID32592580-02-SHIG-03,Asymptomatic,Pre-school age children,12.0,23,1.0,1.0,Both,Molecular,,13,13,1,0.07692307978868484,0.07390530407428741,
PMID32592580-02,PMID32592580-02-04,PMID32592580-02-SHIG-04,Medically attended diarrhea - outpatient,Pre-school age children,12.0,23,1.0,1.0,Both,Molecular,,25,25,1,0.03999999910593033,0.039191834628582,
PMID32592580-02,PMID32592580-02-05,PMID32592580-02-SHIG-05,Asymptomatic,Pre-school age children,24.0,59,2.0,2.0,Both,Molecular,,1,1,0,0.0,0.0,
PMID32592580-02,PMID32592580-02-06,PMID32592580-02-SHIG-06,Medically attended diarrhea - outpatient,Pre-school age children,24.0,59,2.0,4.0,Both,Molecular,,6,6,1,0.1666666716337204,0.1521451622247696,
PMID32592580-02,PMID32592580-02-07,PMID32592580-02-SHIG-07,Asymptomatic,School age children,60.0,72,5.0,6.0,Both,Molecular,,2,2,1,0.5,0.3535533845424652,
PMID32592580-02,PMID32592580-02-08,PMID32592580-02-SHIG-08,Medically attended diarrhea - outpatient,School age children,60.0,108,5.0,9.0,Both,Molecular,,6,6,0,0.0,0.0,
PMID32592580-02,PMID32592580-02-09,PMID32592580-02-SHIG-09,Asymptomatic,Adolescents,192.0,192,16.0,16.0,Both,Molecular,,1,1,1,1.0,0.0,
PMID32592580-02,PMID32592580-02-10,PMID32592580-02-SHIG-10,Medically attended diarrhea - outpatient,Adolescents,120.0,228,10.0,19.0,Both,Molecular,,19,19,5,0.2631579041481018,0.1010226160287857,
PMID32592580-02,PMID32592580-02-11,PMID32592580-02-SHIG-11,Asymptomatic,Adults,252.0,780,21.0,65.0,Both,Molecular,,20,20,3,0.15000000596046448,0.07984359562397003,
PMID32592580-02,PMID32592580-02-12,PMID32592580-02-SHIG-12,Medically attended diarrhea - outpatient,Adults,240.0,1020,20.0,85.0,Both,Molecular,,216,216,35,0.16203702986240387,0.025072213262319565,
PMID32592580-03,PMID32592580-03-02,PMID32592580-03-SHIG-02,Medically attended diarrhea - outpatient,Pre-school age children,0.0,11,0.0,0.0,Both,Molecular,,46,46,1,0.021739130839705467,0.021501537412405014,
PMID32592580-03,PMID32592580-03-04,PMID32592580-03-SHIG-04,Medically attended diarrhea - outpatient,Pre-school age children,12.0,23,1.0,1.0,Both,Molecular,,34,34,1,0.029411764815449715,0.028976010158658028,
PMID32592580-03,PMID32592580-03-06,PMID32592580-03-SHIG-06,Medically attended diarrhea - outpatient,Pre-school age children,24.0,59,2.0,4.0,Both,Molecular,,26,26,2,0.07692307978868484,0.052258942276239395,
PMID32592580-03,PMID32592580-03-08,PMID32592580-03-SHIG-08,Medically attended diarrhea - outpatient,School age children,60.0,108,5.0,9.0,Both,Molecular,,33,33,4,0.12121212482452393,0.05681435763835907,
PMID32592580-03,PMID32592580-03-10,PMID32592580-03-SHIG-10,Medically attended diarrhea - outpatient,Adolescents,120.0,228,10.0,19.0,Both,Molecular,,43,43,9,0.20930232107639313,0.062038034200668335,
PMID32592580-03,PMID32592580-03-12,PMID32592580-03-SHIG-12,Medically attended diarrhea - outpatient,Adults,240.0,1020,20.0,85.0,Both,Molecular,,345,345,42,0.12173912674188614,0.017604241147637367,
PMID32592580-04,PMID32592580-04-01,PMID32592580-04-SHIG-01,Asymptomatic,Pre-school age children,0.0,11,0.0,0.0,Both,Molecular,,5,5,0,0.0,0.0,
PMID32592580-04,PMID32592580-04-02,PMID32592580-04-SHIG-02,Medically attended diarrhea - outpatient,Pre-school age children,0.0,11,0.0,0.0,Both,Molecular,,44,44,3,0.06818182021379471,0.037999119609594345,
PMID32592580-04,PMID32592580-04-03,PMID32592580-04-SHIG-03,Asymptomatic,Pre-school age children,12.0,23,1.0,1.0,Both,Molecular,,4,4,0,0.0,0.0,
PMID32592580-04,PMID32592580-04-04,PMID32592580-04-SHIG-04,Medically attended diarrhea - outpatient,Pre-school age children,12.0,23,1.0,1.0,Both,Molecular,,48,48,0,0.0,0.0,
PMID32592580-04,PMID32592580-04-05,PMID32592580-04-SHIG-05,Asymptomatic,Pre-school age children,24.0,59,3.0,3.0,Both,Molecular,,1,1,0,0.0,0.0,
PMID32592580-04,PMID32592580-04-06,PMID32592580-04-SHIG-06,Medically attended diarrhea - outpatient,Pre-school age children,24.0,59,2.0,4.0,Both,Molecular,,16,16,2,0.125,0.08267972618341446,
PMID32592580-04,PMID32592580-04-08,PMID32592580-04-SHIG-08,Medically attended diarrhea - outpatient,School age children,60.0,108,5.0,9.0,Both,Molecular,,5,5,0,0.0,0.0,
PMID32592580-04,PMID32592580-04-09,PMID32592580-04-SHIG-09,Asymptomatic,Adolescents,192.0,192,16.0,16.0,Both,Molecular,,1,1,0,0.0,0.0,
PMID32592580-04,PMID32592580-04-10,PMID32592580-04-SHIG-10,Medically attended diarrhea - outpatient,Adolescents,120.0,228,10.0,19.0,Both,Molecular,,17,17,1,0.05882352963089943,0.057067204266786575,
PMID32592580-04,PMID32592580-04-11,PMID32592580-04-SHIG-11,Asymptomatic,Adults,360.0,720,30.0,60.0,Both,Molecular,,7,7,0,0.0,0.0,
PMID32592580-04,PMID32592580-04-12,PMID32592580-04-SHIG-12,Medically attended diarrhea - outpatient,Adults,240.0,960,20.0,80.0,Both,Molecular,,186,186,11,0.059139784425497055,0.01729601062834263,
PMID32592580-05,PMID32592580-05-02,PMID32592580-05-SHIG-02,Medically attended diarrhea - outpatient,Pre-school age children,0.0,11,0.0,0.0,Both,Molecular,,26,26,1,0.03846153989434242,0.0377146415412426,
PMID32592580-05,PMID32592580-05-03,PMID32592580-05-SHIG-03,Asymptomatic,Pre-school age children,12.0,23,1.0,1.0,Both,Molecular,,1,1,0,0.0,0.0,
PMID32592580-05,PMID32592580-05-04,PMID32592580-05-SHIG-04,Medically attended diarrhea - outpatient,Pre-school age children,12.0,23,1.0,1.0,Both,Molecular,,18,18,0,0.0,0.0,
PMID32592580-05,PMID32592580-05-06,PMID32592580-05-SHIG-06,Medically attended diarrhea - outpatient,Pre-school age children,24.0,59,2.0,2.0,Both,Molecular,,3,3,0,0.0,0.0,
PMID32592580-05,PMID32592580-05-08,PMID32592580-05-SHIG-08,Medically attended diarrhea - outpatient,School age children,84.0,108,7.0,9.0,Both,Molecular,,2,2,1,0.5,0.3535533845424652,
PMID32592580-05,PMID32592580-05-10,PMID32592580-05-SHIG-10,Medically attended diarrhea - outpatient,Adolescents,120.0,216,10.0,18.0,Both,Molecular,,4,4,0,0.0,0.0,
PMID32592580-05,PMID32592580-05-12,PMID32592580-05-SHIG-12,Medically attended diarrhea - outpatient,Adults,240.0,1080,20.0,90.0,Both,Molecular,,48,48,6,0.125,0.04773516207933426,
PMID32592580-06,PMID32592580-06-01,PMID32592580-06-SHIG-01,Asymptomatic,Pre-school age children,0.0,11,0.0,0.0,Both,Molecular,,1,1,0,0.0,0.0,
PMID32592580-06,PMID32592580-06-02,PMID32592580-06-SHIG-02,Medically attended diarrhea - outpatient,Pre-school age children,0.0,11,0.0,0.0,Both,Molecular,,143,143,4,0.0279720276594162,0.01378901768475771,
PMID32592580-06,PMID32592580-06-04,PMID32592580-06-SHIG-04,Medically attended diarrhea - outpatient,Pre-school age children,12.0,23,1.0,1.0,Both,Molecular,,68,68,2,0.029411764815449715,0.020489133894443512,
PMID32592580-06,PMID32592580-06-06,PMID32592580-06-SHIG-06,Medically attended diarrhea - outpatient,Pre-school age children,24.0,59,2.0,4.0,Both,Molecular,,18,18,2,0.1111111119389534,0.07407407462596893,
PMID32592580-06,PMID32592580-06-08,PMID32592580-06-SHIG-08,Medically attended diarrhea - outpatient,School age children,72.0,84,6.0,7.0,Both,Molecular,,2,2,0,0.0,0.0,
PMID32592580-06,PMID32592580-06-10,PMID32592580-06-SHIG-10,Medically attended diarrhea - outpatient,Adolescents,120.0,228,10.0,19.0,Both,Molecular,,11,11,1,0.09090909361839294,0.0866784155368805,
PMID32592580-06,PMID32592580-06-12,PMID32592580-06-SHIG-12,Medically attended diarrhea - outpatient,Adults,240.0,960,20.0,80.0,Both,Molecular,,56,56,1,0.01785714365541935,0.017696985974907875,
PMID32592580-07,PMID32592580-07-02,PMID32592580-07-SHIG-02,Medically attended diarrhea - outpatient,Pre-school age children,0.0,11,0.0,0.0,Both,Molecular,,77,77,5,0.06493506580591202,0.028081167489290237,
PMID32592580-07,PMID32592580-07-03,PMID32592580-07-SHIG-03,Asymptomatic,Pre-school age children,12.0,23,1.0,1.0,Both,Molecular,,2,2,0,0.0,0.0,
PMID32592580-07,PMID32592580-07-04,PMID32592580-07-SHIG-04,Medically attended diarrhea - outpatient,Pre-school age children,12.0,23,1.0,1.0,Both,Molecular,,81,81,7,0.08641975373029709,0.031220320612192154,
PMID32592580-07,PMID32592580-07-06,PMID32592580-07-SHIG-06,Medically attended diarrhea - outpatient,Pre-school age children,24.0,59,2.0,3.0,Both,Molecular,,34,34,7,0.20588235557079315,0.06934458017349243,
PMID32592580-07,PMID32592580-07-08,PMID32592580-07-SHIG-08,Medically attended diarrhea - outpatient,School age children,60.0,96,5.0,8.0,Both,Molecular,,6,6,0,0.0,0.0,
PMID32592580-07,PMID32592580-07-10,PMID32592580-07-SHIG-10,Medically attended diarrhea - outpatient,Adolescents,120.0,228,10.0,19.0,Both,Molecular,,8,8,1,0.125,0.11692679673433304,
PMID32592580-07,PMID32592580-07-12,PMID32592580-07-SHIG-12,Medically attended diarrhea - outpatient,Adults,240.0,960,20.0,80.0,Both,Molecular,,83,83,11,0.1325301229953766,0.03721735253930092,
PMID34232911-01,PMID34232911-01-01,PMID34232911-01-SHIG-01,Medically attended diarrhea - outpatient,Pre-school age children,0.0,11,0.0,0.0,Both,Molecular,,122,98,20,0.20408163964748383,0.04071206972002983,
PMID34232911-01,PMID34232911-01-02,PMID34232911-01-SHIG-02,Medically attended diarrhea - outpatient,Pre-school age children,12.0,23,1.0,1.0,Both,Molecular,,90,62,25,0.4032258093357086,0.062299322336912155,
PMID34232911-01,PMID34232911-01-03,PMID34232911-01-SHIG-03,Medically attended diarrhea - outpatient,Pre-school age children,24.0,59,2.0,4.0,Both,Molecular,,29,19,9,0.4736842215061188,0.11454888433218002,
PMID34524885-01,PMID34524885-01-01,PMID34524885-01-SHIG-01,Medically attended diarrhea - outpatient,Pre-school age children,0.0,11,0.0,0.0,Both,Molecular,,32,32,12,0.375,0.08558165282011032,
PMID34524885-01,PMID34524885-01-02,PMID34524885-01-SHIG-02,Medically attended diarrhea - outpatient,Pre-school age children,12.0,23,1.0,1.0,Both,Molecular,,20,20,3,0.15000000596046448,0.07984359562397003,
PMID34524885-01,PMID34524885-01-03,PMID34524885-01-SHIG-03,Medically attended diarrhea - outpatient,Pre-school age children,24.0,59,2.0,4.0,Both,Molecular,,61,61,19,0.31147539615631104,0.05929344519972801,
PMID34524885-01,PMID34524885-01-04,PMID34524885-01-SHIG-04,Medically attended diarrhea - outpatient,School age children,60.0,108,5.0,9.0,Both,Molecular,,42,42,15,0.3571428656578064,0.0739355981349945,
PMID34524885-01,PMID34524885-01-05,PMID34524885-01-SHIG-05,Medically attended diarrhea - outpatient,Adolescents,120.0,204,10.0,17.0,Both,Molecular,,44,44,10,0.22727273404598236,0.0631772130727768,
PMID34524885-02,PMID34524885-02-01,PMID34524885-02-SHIG-01,Medically attended diarrhea - outpatient,Pre-school age children,0.0,11,0.0,0.0,Both,Molecular,,8,8,1,0.125,0.11692679673433304,
PMID34524885-02,PMID34524885-02-02,PMID34524885-02-SHIG-02,Medically attended diarrhea - outpatient,Pre-school age children,12.0,23,1.0,1.0,Both,Molecular,,34,34,11,0.3235294222831726,0.0802309438586235,
PMID34524885-02,PMID34524885-02-03,PMID34524885-02-SHIG-03,Medically attended diarrhea - outpatient,Pre-school age children,24.0,59,2.0,4.0,Both,Molecular,,51,51,11,0.21568627655506134,0.05759318172931671,
PMID34524885-02,PMID34524885-02-04,PMID34524885-02-SHIG-04,Medically attended diarrhea - outpatient,School age children,60.0,108,5.0,9.0,Both,Molecular,,34,34,10,0.29411765933036804,0.07814249396324158,
PMID34524885-02,PMID34524885-02-05,PMID34524885-02-SHIG-05,Medically attended diarrhea - outpatient,Adolescents,120.0,204,10.0,17.0,Both,Molecular,,12,12,4,0.3333333432674408,0.13608276844024658,
PMID34587158-01,PMID34587158-01-01,PMID34587158-01-SHIG-01,Asymptomatic,Pre-school age children,1.0,11,0.0,1.0,Both,Molecular,,83,81,12,0.14814814925193787,0.03947186470031738,
PMID34587158-01,PMID34587158-01-02,PMID34587158-01-SHIG-02,Medically attended diarrhea - outpatient,Pre-school age children,0.0,11,0.0,1.0,Both,Molecular,,84,84,13,0.1547619104385376,0.03946225717663765,
PMID34587158-01,PMID34587158-01-03,PMID34587158-01-SHIG-03,Asymptomatic,Pre-school age children,12.0,23,1.0,2.0,Both,Molecular,,56,56,12,0.2142857164144516,0.054832104593515396,
PMID34587158-01,PMID34587158-01-04,PMID34587158-01-SHIG-04,Medically attended diarrhea - outpatient,Pre-school age children,12.0,23,1.0,2.0,Both,Molecular,,90,90,29,0.3222222328186035,0.04926065355539322,
PMID34587158-01,PMID34587158-01-05,PMID34587158-01-SHIG-05,Asymptomatic,Pre-school age children,24.0,59,2.0,5.0,Both,Molecular,,61,59,11,0.18644067645072937,0.05070361867547035,
PMID34587158-01,PMID34587158-01-06,PMID34587158-01-SHIG-06,Medically attended diarrhea - outpatient,Pre-school age children,24.0,54,2.0,5.0,Both,Molecular,,55,54,21,0.3888888955116272,0.06634008139371872,
PMID35802561-01,PMID35802561-01-01,PMID35802561-01-SHIG-01,Asymptomatic,Pre-school age children,6.0,11,0.0,0.0,Both,Molecular,,19,19,2,0.10526315867900848,0.07040590047836304,
PMID35802561-01,PMID35802561-01-02,PMID35802561-01-SHIG-02,Asymptomatic,Pre-school age children,12.0,23,1.0,1.0,Both,Molecular,,41,41,4,0.09756097197532654,0.04633989557623863,
PMID35802561-01,PMID35802561-01-03,PMID35802561-01-SHIG-03,Asymptomatic,Pre-school age children,24.0,59,2.0,4.0,Both,Molecular,,31,31,10,0.32258063554763794,0.08395896852016449,
PMID35802561-02,PMID35802561-02-01,PMID35802561-02-SHIG-01,Asymptomatic,Pre-school age children,7.0,11,0.0,0.0,Both,Molecular,,11,11,0,0.0,0.0,
PMID35802561-02,PMID35802561-02-02,PMID35802561-02-SHIG-02,Asymptomatic,Pre-school age children,12.0,23,1.0,1.0,Both,Molecular,,55,55,11,0.20000000298023224,0.05393598973751068,
PMID35802561-02,PMID35802561-02-03,PMID35802561-02-SHIG-03,Asymptomatic,Pre-school age children,24.0,59,2.0,4.0,Both,Molecular,,107,107,13,0.1214953288435936,0.031583476811647415,
PMID35915480-01,PMID35915480-01-01,PMID35915480-01-SHIG-01,Medically attended diarrhea - inpatient,Pre-school age children,0.0,11,0.0,0.0,Both,Molecular,,122,122,6,0.04918032884597778,0.019577844068408012,
PMID35915480-01,PMID35915480-01-02,PMID35915480-01-SHIG-02,Medically attended diarrhea - inpatient,Pre-school age children,12.0,23,1.0,1.0,Both,Molecular,,63,63,10,0.1587301641702652,0.04603913053870201,
PMID35915480-01,PMID35915480-01-03,PMID35915480-01-SHIG-03,Medically attended diarrhea - inpatient,Pre-school age children,24.0,57,2.0,4.0,Both,Molecular,,29,29,6,0.2068965584039688,0.07522159814834595,
PMID35915480-01,PMID35915480-01-04,PMID35915480-01-SHIG-04,Medically attended diarrhea - inpatient,School age children,63.0,116,5.0,9.0,Both,Molecular,,15,15,0,0.0,0.0,
PMID35915480-01,PMID35915480-01-05,PMID35915480-01-SHIG-05,Medically attended diarrhea - inpatient,Adolescents,123.0,153,10.0,13.0,Both,Molecular,,4,4,0,0.0,0.0,
PMID35915480-02,PMID35915480-02-01,PMID35915480-02-SHIG-01,Medically attended diarrhea - inpatient,Pre-school age children,1.0,11,0.0,0.0,Both,Molecular,,185,185,8,0.04324324429035187,0.014954573474824429,
PMID35915480-02,PMID35915480-02-02,PMID35915480-02-SHIG-02,Medically attended diarrhea - inpatient,Pre-school age children,12.0,23,1.0,1.0,Both,Molecular,,152,152,24,0.15789473056793213,0.029576392844319344,
PMID35915480-02,PMID35915480-02-03,PMID35915480-02-SHIG-03,Medically attended diarrhea - inpatient,Pre-school age children,24.0,55,2.0,4.0,Both,Molecular,,75,75,23,0.30666667222976685,0.053244370967149734,
PMID35915480-02,PMID35915480-02-04,PMID35915480-02-SHIG-04,Medically attended diarrhea - inpatient,School age children,61.0,119,5.0,9.0,Both,Molecular,,32,32,7,0.21875,0.07307924330234528,
PMID35915480-02,PMID35915480-02-05,PMID35915480-02-SHIG-05,Medically attended diarrhea - inpatient,Adolescents,122.0,154,10.0,13.0,Both,Molecular,,13,13,0,0.0,0.0,
